tenantId,firstname,lastname,email_adress,tel_number,movein_date,movein_time,property_id
100,Bee,Ralfston,KavWfZxG@Lc.OWC,0623388028,2023-05-03,02:30,prop-257754-2022
101,Theodora,Atonsah,gADeeHnP@Rq.Di,0825275028,2023-03-09,21:00,prop-776161-2022
102,Averyl,Engdahl,cJtzrp2D@QJ.XmM,0653246429,2022-11-21,03:30,prop-736245-2022
103,Florie,Aldric,8XlsxhL7@nz.jt,0653698138,2023-07-26,11:30,prop-480107-2022
104,Dale,Naor,AZBdtQxM@f3.Jpaou,0814275414,2023-10-27,03:30,prop-536291-2022
105,Shauna,Camden,UYob9UwH@tU.ZzTai,0826308225,2023-04-17,03:30,prop-602297-2022
106,Courtnay,Korey,zYvfAUBY@Avt.Be,0807416015,2022-11-19,10:00,prop-833387-2022
107,Dede,Eugenia,wPOPTslG@2M.Uup,0818414107,2023-11-05,03:30,prop-844809-2022
108,Marylou,Chinua,dH8l7XjA@2UW.BsE,0728368128,2023-04-30,12:30,prop-638001-2022
109,Charlena,Brady,M5XIRf3y@H82.MQYXt,0818718127,2023-07-14,23:00,prop-555199-2022
110,Angela,Stephie,vfhIK8To@OK.qRvJ,0616366325,2023-11-22,24:30,prop-091469-2022
111,Fawne,Regan,xpOuvAnu@3P.IsH,0628756408,2023-10-23,13:30,prop-859292-2022
112,Ketti,Charity,6apkRXRC@tV.NY,0807314116,2022-12-27,01:30,prop-966177-2022
113,Ethel,Barrus,qVvcbCIk@eG.vgHkD,0633334017,2023-08-08,12:00,prop-727842-2022
114,Tybie,Jena,ypLiSrgI@55.VVc,0634484105,2023-04-26,21:00,prop-677091-2022
115,Lusa,Roscoe,dgOF2oFC@K3o.mCG,0735305429,2023-05-24,03:00,prop-106199-2022
116,Lulita,Delacourt,3xEaOrU3@Na.cQ,0716268004,2023-09-20,00:30,prop-602597-2022
117,Tina,Wallis,QfNoXddh@Ar.xFR,0717219326,2022-11-15,21:00,prop-622217-2022
118,Alia,Remmer,SczmhppJ@zIu.CaAB,0617794127,2023-04-05,02:30,prop-615122-2022
119,Myriam,Henrie,b7WyLTkl@Hce.CL,0638736329,2023-06-01,20:30,prop-181922-2022
120,Clary,Trey,hg7GVNtD@J8.XiNX,0608566204,2023-09-23,03:30,prop-759213-2022
121,Netty,Koehler,5nd51sLB@b0.yq,0828284136,2023-09-15,02:00,prop-358579-2022
122,Desirae,Nisbet,JPpZETrJ@5Sk.KAqQo,0818365215,2023-03-05,10:00,prop-531301-2022
123,Cherrita,Ricarda,u2GL2Z1B@4mm.jbFtj,0804769337,2023-01-18,12:00,prop-616174-2022
124,Ariela,Huggins,kbES4Kth@W2u.vP,0724325406,2023-02-12,12:00,prop-078506-2022
125,Jobi,Beebe,PM533sGh@NFP.GsMI,0716634128,2023-03-08,00:00,prop-574654-2022
126,Jere,Annice,jLQaIpWk@rDV.hxsgV,0814289227,2023-09-05,13:00,prop-230441-2022
127,Ninnetta,Shuler,wM2TjxMM@R2.ncyVg,0606696308,2022-11-12,23:00,prop-090102-2022
128,Sarette,Milde,JXllXTKg@vM.HSJ,0654268416,2023-06-13,10:00,prop-945617-2022
129,June,Gunn,y5t311Tt@Pm6.WvkAz,0734284417,2023-05-24,11:30,prop-914876-2022
130,Britni,Henebry,5QsBMuAJ@8Hd.DuCb,0715595014,2023-08-16,03:30,prop-575912-2022
131,Florencia,Brodench,BkL6ySZq@jR.YGLK,0616445439,2023-01-27,01:30,prop-869201-2022
132,Alex,Anis,91HHDUEj@xy.ovWBz,0617509135,2023-01-02,01:30,prop-611981-2022
133,Natka,Nerita,czNhBcUf@gh.kY,0818784235,2022-12-04,24:30,prop-375087-2022
134,Kenna,Bibi,s9ai6r34@Da.UOc,0853309338,2023-09-01,21:00,prop-725838-2022
135,Gerrie,Cullin,TPZ5ky5U@fJ.PDU,0724704128,2023-10-03,03:00,prop-667456-2022
136,Mary,Lissi,9ZioQJ4s@cip.dEHTr,0606797309,2023-07-28,01:30,prop-099520-2022
137,Joy,Killigrew,ucR3qZ6N@7N.oCgZH,0613766324,2023-08-06,22:30,prop-289540-2022
138,Valera,Hathaway,Yq3GgGdH@shY.FG,0817719214,2023-10-29,12:00,prop-893627-2022
139,Myrtice,Caitlin,PXRJLz4I@73f.IlLQ,0807685319,2023-10-24,10:00,prop-190984-2022
140,Iseabal,Alisia,5T0I3UY3@Vzt.cEDRv,0715729436,2023-07-24,13:30,prop-000561-2022
141,Correy,Serilda,XwIVPvab@iP.DQvnz,0828248225,2022-12-18,00:30,prop-540717-2022
142,Etta,Gilmour,2JzSiwtf@rk.DWig,0627417024,2022-11-26,23:00,prop-532285-2022
143,Laure,Nunci,56UG5xLO@Z0.YFbQ,0826499105,2023-12-16,02:30,prop-037528-2022
144,Karolina,Alarise,14JK4jHm@wL.ACS,0657378219,2023-07-22,02:30,prop-534053-2022
145,Rivalee,Rosalba,SFKdSTtH@999.kHZwX,0816614108,2023-02-17,00:00,prop-125303-2022
146,Leeanne,Morehouse,UOW5wMyD@uqe.ptN,0616659404,2023-02-13,10:30,prop-257143-2022
147,Daryl,Martsen,6AgRFRri@lG.OsMVG,0614254436,2023-08-29,00:00,prop-311656-2022
148,Gui,Pip,V1HxDrQa@IF.xVCz,0607364415,2023-12-30,12:30,prop-851010-2022
149,Jacenta,Toor,tk1qkTm7@4H.RIN,0627337317,2023-02-23,11:30,prop-435270-2022
150,Farrah,Aida,S7gE9x84@Be.DKL,0807754435,2022-12-17,23:00,prop-730635-2022
151,Ivett,Philipp,05pmDadu@A5E.ayGP,0828595129,2023-12-26,11:00,prop-054079-2022
152,Ira,Goerke,0aTeveFr@Zm.cMkI,0706394128,2023-05-18,12:00,prop-543404-2022
153,Lynnea,Mike,EGSIrGqg@3d.MQV,0828457217,2023-01-18,22:00,prop-278665-2022
154,Dorothy,Rugen,IESQvWY8@B8.axaIh,0825369125,2023-11-09,23:00,prop-214119-2022
155,Caressa,Vins,uC4wX8oc@kU.qayJz,0658777028,2022-11-28,11:00,prop-909380-2022
156,Lorenza,Schonfeld,6CKtkZg7@lEf.pIbV,0757394208,2023-10-03,11:30,prop-947744-2022
157,Donnie,Eben,bPsk1ypa@HVc.rvJ,0853666207,2023-04-30,00:00,prop-685110-2022
158,Alyda,Rheingold,S2mKRdDZ@rM.HFUG,0614449017,2023-05-07,01:00,prop-179368-2022
159,Angela,Thema,9MbyDUWW@sa.OZB,0825416039,2023-12-18,21:00,prop-141672-2022
160,Rosaline,Chauncey,sR28NDBk@8Y.Bdg,0607416129,2023-02-12,23:30,prop-814129-2022
161,Violet,Allina,NtKFFJAJ@yc.nwRb,0656679019,2023-10-17,03:00,prop-272569-2022
162,Shirlee,Waldron,uJEdOqWg@CYo.jAX,0618488326,2023-04-23,12:30,prop-136343-2022
163,Larine,Chapland,wiwnhi5R@bj.OAYU,0835705334,2023-09-29,12:00,prop-442137-2022
164,Jaime,Bahr,U6ugtDyF@29.Qu,0635407018,2023-02-13,22:30,prop-188927-2022
165,Consuela,Larochelle,ZsoZ1ovc@Z70.TtQtK,0656345028,2023-04-13,04:00,prop-020606-2022
166,Jessy,Halla,F7TbfEGL@s3.uiOG,0656627234,2023-12-14,11:30,prop-062222-2022
167,Clary,Tarrant,baIDYUku@lWS.ur,0815305407,2023-09-08,00:30,prop-306116-2022
168,Julieta,Erlandson,uEnglJ6E@WS.Casp,0815406409,2022-11-21,00:30,prop-082560-2022
169,Joane,Aurelio,CSQO9R35@dj.fL,0837548128,2023-08-07,00:00,prop-732116-2022
170,Belva,Tengdin,ggK6O6HT@3az.usQN,0726279325,2023-03-08,22:00,prop-292281-2022
171,Tarra,Goldina,aroDCBux@6f.OIzFL,0805216439,2023-02-12,04:30,prop-214411-2022
172,Alleen,Wadell,kdmz9HEg@LC2.XppDH,0704639325,2022-11-16,11:30,prop-463966-2022
173,Annecorinne,Ioab,LNahW7O8@y6.mHp,0728276309,2023-09-13,11:30,prop-180950-2022
174,Ayn,Egbert,fmoLzWHO@Pd.ExK,0817436207,2023-01-30,02:00,prop-504269-2022
175,Tiffie,Emmaline,dkwvGB5o@8iO.xOeEM,0616508219,2023-10-08,00:30,prop-106033-2022
176,Ebonee,Aprile,P9opMtvr@x0m.yVs,0636244108,2022-11-25,03:30,prop-264464-2022
177,Correy,Sallyann,djKt2UWR@GRm.MVtX,0717698329,2023-05-12,20:30,prop-638510-2022
178,Julieta,Ivens,iklhUyyB@kQz.WcHHF,0707418307,2023-11-18,11:00,prop-837710-2022
179,Daune,Mich,cK0qr8IJ@tO.uhl,0758676319,2023-09-18,00:00,prop-571298-2022
180,Nataline,Blase,OJwzUwp1@eLL.FTCzQ,0857227136,2023-03-24,04:00,prop-317569-2022
181,Philis,Loring,BvcL43Oj@BCa.FU,0835748017,2023-01-28,02:00,prop-845213-2022
182,Audrie,Anton,3EjW8uPC@2Bo.djbkv,0856529108,2023-04-30,14:30,prop-367459-2022
183,Tatiania,Germann,uU8HnFSF@Xh.dUy,0713397418,2023-08-29,21:00,prop-622352-2022
184,Adelle,Carri,Kn66suvy@1k3.CndK,0816769209,2023-07-24,12:00,prop-513793-2022
185,Binny,Center,4nzOjowS@83.edfz,0655767318,2023-03-15,20:30,prop-285916-2022
186,Blake,Felecia,iajjjCpm@ib5.srp,0653705004,2023-09-16,20:00,prop-447156-2022
187,Marguerite,Donell,c5ST3ovJ@zlW.fpEQ,0803436308,2023-04-12,24:30,prop-534713-2022
188,Merci,Olin,JV2yoqNI@Hz.rRgex,0734329427,2023-10-28,00:00,prop-130069-2022
189,Gilda,Jorgan,aRPvrHxm@I0.Hp,0835344139,2023-12-01,21:00,prop-472116-2022
190,Fina,Travax,B7tpDADH@kS.LDPs,0816796236,2023-01-18,24:00,prop-419140-2022
191,Amara,Wattenberg,TIdVwFk6@IS.GahaB,0836534205,2022-12-13,11:00,prop-689821-2022
192,Carmencita,Vharat,QzlhMpnH@DSy.QUPbY,0625417225,2022-11-11,02:00,prop-326946-2022
193,Phylis,Jefferey,O6jWxoQA@tr1.vWY,0733534409,2023-01-17,21:00,prop-626081-2022
194,Myriam,Berriman,4R7wDCbv@z2.kvljG,0805775139,2023-04-17,23:00,prop-681030-2022
195,Hyacinthe,Zachary,dUDccU5z@xrV.MtivP,0734416415,2023-11-25,13:00,prop-486793-2022
196,Patricia,Leary,TwsKI48y@YI9.BclA,0827239216,2023-06-07,11:30,prop-721298-2022
197,Malina,Winthorpe,XQvsX4sM@7o.eHxhj,0828266326,2023-12-19,00:30,prop-985813-2022
198,Averyl,Sperling,mylVnZ3M@SE9.vPO,0628224039,2023-09-29,20:00,prop-003626-2022
199,Iseabal,Rheingold,gUCYE0o9@02.mjag,0807216316,2023-07-29,14:30,prop-384189-2022
200,Carilyn,Harday,rNHxbKpb@wa.VN,0733608118,2023-09-09,20:30,prop-453829-2022
201,Nessie,Emerson,wD9AwePp@JIA.wH,0617708329,2023-01-16,04:00,prop-571309-2022
202,Elsie,Lynn,3eUYfPYQ@kO7.AscfA,0725497407,2022-12-04,12:00,prop-287895-2022
203,Leia,Emmy,vn94kXvy@F6.bjQ,0824377125,2023-05-07,24:30,prop-578353-2022
204,Meg,Dosia,yXsyRNsL@wX7.PUg,0706769327,2023-02-26,21:30,prop-247986-2022
205,Winifred,Cassius,feGkICRk@RT.Hb,0834279324,2023-02-13,14:30,prop-673674-2022
206,Pierette,Hamil,TJeXmsFZ@sB.ai,0713637136,2022-12-05,00:30,prop-640758-2022
207,Amii,Danby,o864JFYD@8l7.xB,0715744127,2023-07-15,21:30,prop-226827-2022
208,Tracey,Colp,WBJi0HPC@7LD.lq,0654677037,2023-10-25,20:30,prop-630757-2022
209,Eadie,Olin,LThWxV2H@Aa.WSr,0858756106,2023-10-27,03:00,prop-914960-2022
210,Annice,Durante,EdiYio7G@S6.sfXZF,0856639137,2023-04-01,22:30,prop-293369-2022
211,Myrtice,Miru,NPvgMztG@1ue.pn,0606585209,2023-06-27,00:30,prop-113612-2022
212,Calla,Fennessy,SrxCu9fh@2mR.xY,0614386034,2023-11-12,00:00,prop-524049-2022
213,Anallese,Loeb,rLYyXLey@YZ.musd,0615757129,2023-01-09,22:00,prop-662937-2022
214,Ashlee,Sidonius,DjCElKw9@Alm.xpXXI,0606269404,2023-08-16,12:00,prop-904724-2022
215,Iseabal,Rosemary,n4Y71dqh@ON.cnG,0818439408,2023-04-27,13:30,prop-462468-2022
216,Gabriellia,Baudin,Eu8mT3aE@t66.fru,0638589007,2023-01-24,23:00,prop-463563-2022
217,Ariela,Tacye,kRJScfbS@mp.sCpKX,0735407208,2023-10-02,24:00,prop-737685-2022
218,Reeba,Israeli,TCaumMhr@aZ.SeXg,0734666236,2022-12-09,14:30,prop-637176-2022
219,Cyndie,Khorma,L2SoPcZt@nB.iAk,0636407437,2023-06-04,21:30,prop-559184-2022
220,Annaliese,Lory,ZLyYwAw3@DxQ.Vbf,0804618337,2023-04-04,01:00,prop-970521-2022
221,Odessa,Armanda,4CyANdtm@xt.Ipio,0815534015,2023-09-02,11:30,prop-038405-2022
222,Ermengarde,Clie,uRhNTqL9@ll.zlLm,0818446218,2023-02-08,02:00,prop-017508-2022
223,Regina,Natalia,oEILUQQF@Rmd.gx,0624719238,2023-07-15,12:30,prop-782525-2022
224,Valli,Bethany,r7mimpn6@9m0.fhkZl,0604757139,2023-04-18,13:00,prop-389391-2022
225,Bettine,Minetta,7vyQfqhq@Eh.BA,0725208207,2023-02-05,00:00,prop-807767-2022
226,Regina,Taima,YVsuO1dB@UON.VXvf,0725447219,2022-12-25,10:30,prop-377533-2022
227,Libbie,Fancie,bkKf73OB@i0a.FvqGg,0737524414,2023-10-06,10:30,prop-189424-2022
228,Bettine,Prober,hu8fz6PP@sv2.qos,0838737107,2022-11-22,21:30,prop-210442-2022
229,Dede,Goode,SqbCvJRf@6NY.HqtMJ,0853535239,2023-01-21,02:30,prop-751111-2022
230,Marleah,Hylan,wPzfySJY@y9O.TjbBa,0856565207,2023-12-20,10:00,prop-623184-2022
231,Paule,Dowski,xww5zsNe@TQ.LUF,0657347417,2023-04-15,23:00,prop-929022-2022
232,Candy,Tyson,Z2YjBogm@VCJ.IsO,0656447117,2023-03-28,00:00,prop-542822-2022
233,Winifred,Orpah,8R1zTPXb@KoA.LOt,0707724208,2023-02-04,13:30,prop-046288-2022
234,Charissa,Khorma,RQF8kAiO@A1Q.dTib,0733527309,2023-01-08,24:00,prop-133660-2022
235,Anthia,Bennie,nNd06qeo@P3m.Cfx,0756675424,2023-03-24,21:00,prop-233570-2022
236,Tressa,Francene,I8jS7EAx@rar.Au,0628486009,2023-11-11,04:30,prop-423687-2022
237,Robinia,Dash,kuvmlRPJ@mFM.JJzd,0824766009,2023-10-28,10:00,prop-690396-2022
238,Sonni,Ellerey,mXClzTqf@Wi0.JIa,0833615414,2023-03-23,20:30,prop-441377-2022
239,Giustina,Gillan,tvdPnE3g@W4V.aqNfq,0708639404,2023-06-15,01:30,prop-652745-2022
240,Ashlee,Geffner,UQwXXjm5@aQu.qoWms,0607224318,2023-03-08,22:00,prop-429973-2022
241,Alameda,Dominy,VcZU79YL@767.MK,0637626129,2023-10-23,21:00,prop-976507-2022
242,Alisha,Blase,0vireLgq@op.okUG,0858674024,2023-08-04,21:30,prop-884789-2022
243,Ann-Marie,Thomasina,TZ1WDpWY@LVs.xt,0823689129,2023-01-25,24:30,prop-233270-2022
244,Lila,Eben,yMKqcwMN@tVt.RVq,0654624334,2023-03-02,20:00,prop-722225-2022
245,Meriel,Mullane,oIyvkshr@R9.YPox,0807515037,2022-12-16,13:00,prop-438748-2022
246,Cordi,Hartnett,MNt8Zrv9@pl5.YtgJe,0828729409,2023-11-06,20:30,prop-117215-2022
247,Chrystel,Carey,LCwM27qs@mo.vHSFa,0624794435,2023-06-07,02:00,prop-826393-2022
248,Lenna,Couture,Bp0Pbh1x@1z.DR,0818569117,2023-06-04,02:00,prop-464484-2022
249,Stacey,Roxanna,RJiXR8AD@zbN.zeb,0634724229,2023-06-27,14:30,prop-645308-2022
250,Penelopa,Bibi,AOu7sd10@dgq.izcT,0625487239,2023-03-27,21:30,prop-114208-2022
251,Ann-Marie,Graig,8QvW41w2@Pyz.zj,0634425138,2023-07-08,03:30,prop-460713-2022
252,Cassandra,Anderea,0BKlkkUP@Bg.oG,0755777317,2023-04-03,23:00,prop-260667-2022
253,Silvana,Mayeda,tjQT2RQa@AJ.vsI,0707229434,2023-10-14,04:30,prop-163810-2022
254,Betta,Bollay,xtV0jbzi@rDT.GWOZj,0724234405,2023-06-10,21:30,prop-303020-2022
255,Lorne,Remmer,D2KEWU4Y@YB.bNQ,0606695404,2023-10-26,03:30,prop-201713-2022
256,Desirae,Jagir,WIe9uPN6@pZH.BlSQp,0814619225,2023-03-07,20:00,prop-703624-2022
257,Katuscha,Penelopa,ZKlMUo17@KZ.dz,0718334329,2023-07-20,10:00,prop-977930-2022
258,Clementine,Nisbet,tGWWLwql@tb.Dy,0706337317,2022-12-16,21:00,prop-556314-2022
259,Suzette,Flita,I3ZYswxN@DyL.Dd,0825317428,2023-02-22,21:30,prop-636869-2022
260,Ivett,Tybald,tiShZvAD@C8.PjC,0637217036,2023-04-25,13:30,prop-157791-2022
261,Celene,Ramona,86syklLY@eA.Sdk,0657349326,2023-04-14,14:30,prop-387551-2022
262,Merle,Chesna,Y006cUz8@49.jIY,0634489318,2022-11-26,02:00,prop-144901-2022
263,Rosaline,Soneson,tAubGAB2@DNO.dmM,0836784219,2023-05-25,11:30,prop-565513-2022
264,Misha,Durware,XeB1BkB1@sKU.YQDGb,0613638424,2023-06-11,14:00,prop-514333-2022
265,Kristan,Phaidra,4VNfy3D0@R9P.pE,0815779229,2023-02-25,04:30,prop-039560-2022
266,Marnia,Wolfgram,1VWeCKlh@6f.kGe,0827344134,2023-12-24,10:30,prop-539870-2022
267,Pierette,Gaynor,BlTrPBTk@itB.diR,0815384114,2023-09-23,10:00,prop-851968-2022
268,Christal,Rozanna,0pHLsERp@5N5.EmlV,0636718028,2023-04-12,24:30,prop-630074-2022
269,Iseabal,Nickola,O9DRcnNG@kXq.BqzWE,0754284226,2023-06-07,01:00,prop-959779-2022
270,Teriann,Suzetta,47MjuuAy@nyq.Fu,0728467424,2023-12-07,00:30,prop-356436-2022
271,Vita,Peonir,MNt89ejF@PW5.Wt,0628644039,2023-03-17,00:00,prop-507446-2022
272,Benita,Oriana,vuBG0k2n@w8C.dCOA,0856738138,2023-01-07,12:00,prop-255276-2022
273,Cyndie,Silvan,zg4JBmj9@WD.fdjWz,0618356428,2023-05-29,03:00,prop-714266-2022
274,Jan,Kalinda,nomJp0Ll@D2.GtsAZ,0734477118,2023-08-20,12:30,prop-333277-2022
275,Petronia,Lewes,MlRBYa7E@5WD.brA,0635698427,2023-08-16,21:30,prop-897653-2022
276,Averyl,Silvan,y3783o7a@CG.xoT,0735256429,2023-03-05,01:00,prop-100079-2022
277,Giustina,Lattie,QmIbtVok@qU.rE,0734755007,2023-11-08,10:30,prop-055551-2022
278,Heida,Lucienne,HkGYX3un@quY.ID,0605776419,2023-07-22,00:00,prop-541070-2022
279,Gianina,Saint,2OlMdjC8@ad.asU,0733539418,2023-05-02,23:00,prop-666870-2022
280,Marcelline,Mozelle,lr7t1UXZ@ztv.wrfFA,0814648434,2023-04-08,12:00,prop-979086-2022
281,Kellen,Lowry,DQREbVOa@LGw.HJid,0825568439,2023-02-24,23:30,prop-846762-2022
282,Cathyleen,Bobbee,Ra6qejEJ@lZ.LoG,0803249214,2023-08-10,11:30,prop-702400-2022
283,Collen,Malina,YZybxKZU@Jy.tMvra,0638755416,2023-10-22,04:30,prop-446614-2022
284,Bobinette,Lattie,dGWOScxC@D8i.qtIfZ,0705388119,2023-02-25,12:30,prop-854088-2022
285,Tami,Gaal,WQIX2f5g@4i.Dqj,0814639408,2023-04-11,10:00,prop-140974-2022
286,Ann-Marie,Irmine,Ehmruq88@gG.BVf,0816624106,2023-06-13,02:30,prop-271238-2022
287,Aimil,Fiester,9wFWGrMg@pOZ.QhsY,0704305216,2022-12-25,03:30,prop-352351-2022
288,Fawne,Travax,RGv912I4@yom.aWwDy,0753764128,2023-09-07,23:30,prop-019566-2022
289,Paulita,Alfons,wMhXgq0a@cS.nwr,0858508238,2023-01-12,01:30,prop-974395-2022
290,Wilma,Stacy,Bd2xzWzu@pXI.BTFJP,0816426438,2023-09-12,12:30,prop-220644-2022
291,Tarra,Sallyann,ErhP6We7@k5.ay,0605467317,2023-09-24,13:00,prop-671331-2022
292,Mara,Colyer,1MyHYZO4@MA.pBqLT,0835256107,2023-05-08,12:30,prop-880851-2022
293,Marleah,Ajay,RaiCO7PJ@dDK.GIKjA,0826296224,2023-08-13,00:00,prop-315427-2022
294,Arabel,Cynar,ROjW14mU@Nll.tNE,0806427016,2023-05-01,03:30,prop-952778-2022
295,Eolanda,Ehrman,TA17YXFj@6UT.hf,0606735015,2023-05-22,13:30,prop-671211-2022
296,Ardeen,Eachern,uVLygfV2@Uf.Grb,0813505236,2023-01-04,23:30,prop-794078-2022
297,Molli,Boehike,JsksMNYk@7U.ky,0727249228,2023-11-24,14:30,prop-814946-2022
298,Ingrid,Amadas,uYv575bC@6od.Kld,0728766407,2023-09-17,10:00,prop-911942-2022
299,Jessamyn,Podvin,hGcjPYQ4@CNw.OxdnE,0624734008,2023-05-26,20:00,prop-102367-2022
300,Janeczka,Hillel,JhpgFLQy@iN.UN,0615294438,2023-03-14,20:00,prop-324318-2022
301,Fredericka,Strephon,fDmUMMQY@UF.XBMI,0703264424,2023-11-30,20:00,prop-241396-2022
302,Lynnea,Timon,i6kHLtAe@5D9.HJcP,0733744129,2023-06-08,00:30,prop-631989-2022
303,Gwyneth,Ajay,w4pgBY7h@qI7.BmD,0704525237,2023-08-02,20:00,prop-837664-2022
304,Giustina,Minetta,ZpUZiZLc@c5r.ixK,0636348117,2023-06-27,24:00,prop-353659-2022
305,Giustina,Neva,uf5FWnp2@LV.afyg,0715697218,2023-12-18,02:00,prop-819926-2022
306,Stephanie,Honoria,U1FMCuF8@YEa.kacLP,0826595406,2023-01-30,01:00,prop-726832-2022
307,Odessa,Irmine,ev7OJ9Li@4uz.tiFcl,0737458027,2022-12-03,01:00,prop-755748-2022
308,Clarice,Yam,18lfYDMP@IyK.kG,0803587314,2022-12-08,13:30,prop-900628-2022
309,Kelly,Milson,763Vd7K2@Vj.sDgjv,0717598417,2023-01-31,13:30,prop-848690-2022
310,Chickie,Gahl,nTgS7maC@mnU.lC,0734285327,2022-11-17,22:30,prop-462956-2022
311,Winifred,Timon,1pSNHrs3@DX.eOYlS,0626444138,2023-05-06,02:30,prop-219204-2022
312,Daphne,Scammon,VlvByWfw@8f.Bjx,0716595036,2023-11-20,20:30,prop-429223-2022
313,Eolanda,Alarise,uamZ3usn@LVv.Hy,0715296227,2023-03-15,23:30,prop-730396-2022
314,Henriette,Leifeste,Af6D8QqW@DQ.tH,0726688106,2022-12-25,00:00,prop-420860-2022
315,Fawne,Fredi,LUyNCioo@CD.mSp,0808287016,2023-12-22,04:00,prop-324011-2022
316,Tami,Klotz,47MS58gV@v3.nxJJ,0708499117,2023-09-13,03:30,prop-290669-2022
317,Letizia,My,gm5pnwzF@qWh.JywW,0834216014,2023-06-15,11:00,prop-331820-2022
318,Cristine,Adore,f6sUxAWe@xIq.OrJAq,0823356007,2023-04-14,13:30,prop-576247-2022
319,Starla,Herrera,1QGWXjHw@8eQ.WY,0715329435,2023-08-22,13:00,prop-732641-2022
320,Sybille,Edvard,1KSyUx1O@pC.NQfJr,0613247115,2023-02-26,04:30,prop-430260-2022
321,Millie,Andrel,LcEq7Gpd@zk.Nve,0605728025,2023-11-25,11:00,prop-137280-2022
322,Melisent,Byrne,WuO3a240@EP.oBnz,0706794315,2023-08-05,20:30,prop-551473-2022
323,Riannon,Elephus,AyJJXeQ8@YN.MT,0708486227,2023-04-30,14:30,prop-409971-2022
324,Aigneis,Lory,hfv0Kjqs@6xV.Tf,0654349104,2023-01-08,12:00,prop-579555-2022
325,Jsandye,Hazlett,YbeB5UkX@H7.Mj,0827609019,2023-02-18,13:30,prop-751557-2022
326,Konstance,Pattin,iJHi4AiV@Hf.UAkz,0708609409,2023-07-14,00:00,prop-299772-2022
327,Vere,Callista,GVZcfI9f@fM.MsADc,0827468127,2023-04-10,22:30,prop-262708-2022
328,Corly,Whiffen,yIPGIVSx@0fK.Tj,0826245214,2023-02-18,14:30,prop-308982-2022
329,Randa,Bashemeth,LYP5yNMC@ipE.rf,0753258015,2023-03-22,03:30,prop-837024-2022
330,Dulcinea,Remmer,xbhjAXX5@qA.IRf,0604635418,2023-07-20,22:00,prop-790578-2022
331,Correy,Callista,QxlsFMzT@M1.SBT,0627377224,2023-11-07,01:00,prop-908791-2022
332,Lenna,Kesley,fHtwakbw@sp.KT,0814654006,2023-05-06,00:00,prop-229140-2022
333,Charlena,Bergman,49GoXrLS@Ocw.vhRON,0804467324,2023-05-09,11:00,prop-161217-2022
334,Lorne,Matthew,bgWGcUmt@Xi.QABib,0718295309,2023-06-04,11:30,prop-461890-2022
335,Michaelina,Haldas,bNUGARPh@7v.GBCpf,0854717319,2023-12-25,10:00,prop-415254-2022
336,Marika,Baudin,PtaSuO3R@uMy.XmK,0858448125,2023-04-28,12:30,prop-626960-2022
337,Marylou,Bebe,D5Rw529u@H3.NUUFF,0605628115,2023-07-22,21:30,prop-594485-2022
338,Lolita,Heisel,guoJ91zi@SQ.qmg,0815558207,2023-03-10,22:00,prop-683628-2022
339,Lesly,Standing,vuIWFD8Q@ifc.ImLrV,0626587035,2023-08-13,11:30,prop-424722-2022
340,Lexine,Yate,CjffP6JD@fPz.NP,0638699005,2022-12-03,21:00,prop-955861-2022
341,Collen,Thad,vzMpGVUG@YRW.VuTR,0735628439,2023-06-02,01:00,prop-763829-2022
342,Juliane,Norrie,euRKt7UC@1V.btwxe,0615276338,2023-08-25,11:30,prop-432810-2022
343,Atlanta,Drus,TR9qJkIK@Jde.HSSC,0836494237,2023-03-24,00:00,prop-908908-2022
344,Belva,Anyah,6WggU2Ie@gbK.iM,0856698409,2022-12-03,22:30,prop-974957-2022
345,Sophia,Lunsford,545fE8EB@DN.sU,0754438139,2023-08-27,04:30,prop-235654-2022
346,Mellicent,Rosemary,G3cyuTfD@cc.zrTCB,0623395328,2023-12-03,10:00,prop-609974-2022
347,Jillayne,Gino,Flozkx3F@p0S.nDB,0656478226,2023-08-01,02:30,prop-714320-2022
348,Alyssa,Dermott,JFYT2EBd@c4.zJlha,0807454135,2023-05-03,01:00,prop-378768-2022
349,Darci,Laurianne,40gh5QvO@vHG.wL,0606238004,2023-06-22,10:30,prop-366346-2022
350,Coral,Fancie,J5OCsse5@9qp.npzmX,0837487237,2023-11-11,01:00,prop-945160-2022
351,Maisey,Pettiford,kwGlCr42@t6T.qiLO,0604448114,2023-06-27,00:00,prop-420693-2022
352,Marline,Dearborn,rfFM1nyp@i8F.dw,0853567318,2023-04-21,22:30,prop-308113-2022
353,Hayley,Cleo,R2S8sqKj@N9.jlbb,0816388434,2023-03-03,24:30,prop-293014-2022
354,Cassandra,Gale,ZTKN6zwM@ok.My,0717304314,2023-08-13,12:00,prop-392421-2022
355,Clarice,Chick,yYNRm4X7@gT.ODG,0826668429,2023-02-14,10:00,prop-184200-2022
356,Marinna,Bebe,WbGIjMrE@DFI.Kgw,0755569438,2023-10-15,21:00,prop-370248-2022
357,Claudina,Madox,5KPQvLpg@uZb.fP,0656426038,2023-08-08,22:00,prop-234223-2022
358,Mildrid,Buffum,n65W8YsE@rZ.Dbk,0735259306,2022-11-19,10:00,prop-670841-2022
359,Melanie,Wolfgram,H26HXiZ1@NKQ.Ig,0603419028,2023-07-04,01:30,prop-361941-2022
360,Leanna,Annabella,qEOY5Xpf@raJ.eRfO,0635419114,2023-08-13,10:00,prop-796090-2022
361,Sharlene,Middleton,N13paSxs@zXk.qS,0808748028,2023-05-07,04:30,prop-386922-2022
362,Lilith,Flita,9QZKJ3Vz@sR.RWuz,0854464216,2023-08-17,21:00,prop-130902-2022
363,Mallory,Cherianne,TrjET7Bg@Hc.hwvMH,0806767109,2022-12-10,23:30,prop-236413-2022
364,Pamella,Bonilla,KLHXRfpS@EJy.Gbe,0828568117,2022-11-28,21:00,prop-436375-2022
365,Alisha,Ehrman,6Nsy7DK4@UPv.JX,0816798008,2023-03-21,11:00,prop-857743-2022
366,Stevana,Charity,JqJORlsn@olO.Iv,0618217138,2023-02-09,23:00,prop-354649-2022
367,Norine,Andrel,lWQMeBtl@gl4.tisO,0703598214,2023-08-15,00:00,prop-050433-2022
368,Fina,Neils,tyYZ1du2@F0Y.lIef,0757206104,2023-07-10,11:30,prop-917626-2022
369,Pollyanna,Dituri,pmkuIyF9@o5n.WTpvp,0734527307,2023-03-20,04:00,prop-352055-2022
370,Claudina,Arquit,lHe30PKm@5mf.TObqP,0834254438,2023-02-08,10:30,prop-871330-2022
371,Joane,Oscar,3nTWQI1U@FDs.NOp,0728388227,2023-05-23,10:30,prop-850820-2022
372,Rosaline,Grayce,PVxn3BAt@0O3.HKlnq,0837727304,2023-03-25,22:00,prop-896781-2022
373,Leona,Jaylene,VrvnI6mr@5U.sAlfi,0728249438,2023-12-08,12:00,prop-426594-2022
374,Merci,Briney,Db23kA2g@ieH.ZuqpP,0704505018,2023-07-29,22:30,prop-996111-2022
375,Ofilia,Nicoline,jYKcBE3z@V4c.RE,0614618128,2023-10-21,02:30,prop-190001-2022
376,Tatiania,Ivens,iT3Igypw@dL.qdvBF,0813509218,2023-05-01,00:30,prop-034401-2022
377,Delilah,Franza,dBUTGLaH@ji4.AXo,0737637426,2023-04-20,11:30,prop-622007-2022
378,Debee,Syd,SKZ9i11T@MVR.bWc,0736244439,2023-10-27,22:00,prop-203341-2022
379,Kimberley,Hieronymus,c1gVoNJJ@dq.GX,0855657335,2023-04-11,03:00,prop-174567-2022
380,Marjie,Blisse,zvc3WUAj@Mj.iGa,0825388038,2023-03-04,11:30,prop-796154-2022
381,Paulita,Ivens,rTg6js9y@kOk.sS,0825595325,2023-06-06,14:30,prop-108763-2022
382,Gaylene,Goerke,0THgcHmL@rp7.eE,0753628028,2023-03-08,14:30,prop-339105-2022
383,Correy,Bebe,7sQ8Bxza@A1.qzLGF,0736274404,2023-07-14,21:30,prop-655554-2022
384,Frieda,Prouty,aSFYWSQI@YZ.bJnyj,0858238004,2023-11-03,01:30,prop-622898-2022
385,Tonia,Tatianas,bnAgtRfB@O4e.Bl,0607237214,2023-12-28,01:30,prop-017947-2022
386,Corly,Mike,cCZyVcRo@MCd.Ql,0625606405,2023-06-25,00:00,prop-165055-2022
387,Vinita,Clie,0gQQbPmO@PF.hgHJC,0703629024,2023-12-20,04:00,prop-034728-2022
388,Tierney,Auberbach,OtHItUwm@MRc.NUYk,0853528028,2023-05-07,14:00,prop-243855-2022
389,Giustina,Hermes,uUxUeIur@eq1.HhBg,0627238139,2023-07-14,13:00,prop-544871-2022
390,Agnese,Kalinda,xT6VAA5Y@o2w.mC,0638386017,2023-07-24,20:30,prop-560459-2022
391,Mallory,Amadas,BZhk9DMx@mK.vi,0705407014,2023-10-31,14:00,prop-979516-2022
392,Lauryn,Bandeen,q3qqGYef@42.DROv,0825356018,2023-12-17,11:30,prop-648250-2022
393,Gilda,Tufts,oztDbvQu@cUq.SUZ,0805779406,2023-08-15,03:00,prop-331304-2022
394,Rivalee,O'Neill,R3t0k1a5@U9H.Ziix,0754718014,2023-10-29,14:00,prop-210221-2022
395,Jemie,Kolnick,ljSNjoHu@DN.Yj,0853676337,2023-12-04,24:30,prop-777831-2022
396,Corly,Gower,MRg7fk2j@7DF.ihe,0836424024,2023-01-14,01:30,prop-128121-2022
397,Elie,Rudolph,FzE5hkcr@eAA.jAOZg,0707408039,2023-03-12,22:30,prop-242226-2022
398,Maud,Lesley,VaxhwSTt@lM.jEggJ,0633555438,2023-11-01,01:30,prop-935064-2022
399,Binny,Birdella,5OccsPUH@kJB.pz,0853268317,2023-03-20,12:30,prop-063404-2022
400,Jenilee,Connelly,Au9QGAmQ@IU5.dFFGS,0703407304,2023-04-05,13:00,prop-037384-2022
401,Gavrielle,Paine,HTRSFMa9@YH.cyV,0637748224,2023-08-15,12:00,prop-833693-2022
402,Dacia,Carolin,GABt1u7X@GEj.RYa,0623386415,2022-12-19,24:30,prop-737772-2022
403,Lelah,Elephus,d4HRLnDo@6d8.tEy,0636629318,2023-02-12,02:00,prop-502833-2022
404,Emmey,Ramona,tKIogOp0@255.oG,0636314326,2023-04-29,00:30,prop-775608-2022
405,Jenda,Dorothy,RThJbFqR@GH.pksQ,0636546136,2023-11-23,21:00,prop-355022-2022
406,Mathilda,Ietta,3ZGb2Mg0@OCp.jywz,0857215237,2023-03-23,02:00,prop-841174-2022
407,Renae,Kathie,YjdhHpkW@AMD.UAOa,0805688418,2023-09-10,03:00,prop-357445-2022
408,Kristina,Giule,Wpq7BRsY@76m.WK,0706249408,2022-12-10,00:00,prop-785229-2022
409,Edyth,Nelsen,K8DSYWYg@vz7.MW,0613266205,2023-09-30,13:00,prop-062528-2022
410,Trudie,Erlandson,xAEAx0V8@zW.CDM,0703737315,2023-07-28,21:30,prop-943902-2022
411,Angelique,Urania,5IhpkMot@UU.wuaLK,0728579225,2023-09-19,20:00,prop-142195-2022
412,Aeriela,Tamar,IotqjJ89@0y.cDQFa,0737717205,2023-06-12,22:30,prop-755649-2022
413,Teddie,Hirsch,55y3kQDY@pS.dz,0838606019,2023-11-15,02:30,prop-075819-2022
414,Frieda,Faro,lpPBz9PG@gFv.vTM,0624295227,2022-11-28,00:30,prop-020341-2022
415,Blondelle,Cyrie,XIS33dJ2@ghc.fY,0614455118,2023-03-30,12:00,prop-243257-2022
416,Gianina,Dorothy,8HrNase2@zO.mX,0653766315,2022-12-03,23:00,prop-565882-2022
417,Collen,Audly,x7gGQ0X2@KA.YSWly,0628389005,2023-07-10,14:00,prop-245636-2022
418,Lexine,Niccolo,li5Wgl8w@XE.CJNWu,0606704439,2023-04-19,24:00,prop-511746-2022
419,Phylis,Mich,1txardRD@kR.CxCg,0617728435,2023-11-07,14:30,prop-946869-2022
420,Orelia,Atcliffe,d6gbcyRy@T9.JPig,0733575209,2023-02-02,21:00,prop-067860-2022
421,Marylou,Raychel,DCBdnFfC@Yc1.OdCJd,0805564404,2023-01-11,11:00,prop-441393-2022
422,Claudina,Kaja,zo664j31@kV.jquC,0823697339,2023-11-26,20:30,prop-855835-2022
423,Jackie,Goth,GSDdBHoX@tS4.Zm,0707496414,2023-12-23,10:00,prop-978745-2022
424,Aeriela,Gaynor,cc62OUpt@v1.zW,0628444235,2022-11-21,20:00,prop-129860-2022
425,Camile,Berl,3o84FmF0@szY.oKxxj,0613356335,2022-11-15,02:00,prop-162408-2022
426,Lolita,Tremayne,muKIWSfW@GV.eA,0755667006,2023-04-13,00:30,prop-860069-2022
427,Shel,Calhoun,I1aVUqaG@F0z.oyQlR,0804568435,2023-03-20,03:00,prop-357765-2022
428,Riannon,Grayce,r2huN8k3@kKh.PqiK,0838236337,2023-03-14,24:00,prop-746538-2022
429,Stephanie,Breed,6hy0UgHY@Za3.ifC,0624705009,2023-01-03,03:00,prop-010967-2022
430,Vita,Hathaway,neeEyYhg@gO.CHNhw,0823205008,2023-02-11,14:30,prop-360658-2022
431,Meriel,Rodmann,3IQ9JUu9@6A.PCh,0653758329,2023-12-15,21:00,prop-501618-2022
432,Leia,Levey,zY9H4h5Z@l5.Ig,0825769419,2022-12-16,10:00,prop-458276-2022
433,Dianemarie,Read,vnegMDIE@gZ.YHaO,0735768339,2023-10-04,24:00,prop-116589-2022
434,Elka,Hailee,qQaRMCmr@z8.zJTST,0614376107,2023-01-28,04:00,prop-250758-2022
435,Dorthy,Seligman,XJqI3Oi6@OW.KEI,0605527316,2023-10-30,20:30,prop-007194-2022
436,Letizia,Amand,K3QcF3xu@erL.xjd,0803339006,2023-04-28,02:30,prop-647532-2022
437,Bernardine,Torray,XnukINXK@6h.iWG,0616774218,2023-05-31,12:30,prop-329110-2022
438,Susette,Kinnard,DM0cVFuT@PE.KSgt,0734296217,2023-01-21,23:00,prop-205751-2022
439,Lyssa,Ardeha,N0GfVIdr@Fe6.MvCxx,0634477204,2023-12-29,24:00,prop-690576-2022
440,Meriel,Karna,ca97fqS5@5z.mkpI,0705658437,2023-06-16,00:00,prop-934714-2022
441,Lily,Seligman,JA69MAv9@AG.xR,0817564217,2023-05-27,22:30,prop-588881-2022
442,Almeta,Lacombe,jse2l2eL@c0z.UlbEM,0804668017,2022-11-27,21:30,prop-204357-2022
443,Allis,Xerxes,6l4PAbbb@za.NQ,0836735406,2023-08-26,12:30,prop-335553-2022
444,Bibby,Sperling,9kbh021J@P6.JlVDC,0814297126,2023-02-15,21:00,prop-275448-2022
445,Nerta,Hirsch,koHxqFX0@8Z.FGS,0823285134,2023-05-25,22:30,prop-259080-2022
446,Moyna,Glovsky,fmUTrKgj@s0.xT,0626378339,2023-11-13,23:30,prop-510023-2022
447,Briney,Stacy,sLRaW9hi@uf.WuAZ,0855224305,2022-11-26,13:30,prop-418491-2022
448,Rosaline,Dituri,Fc2lSgLN@0B4.SNGv,0656226005,2023-06-25,22:30,prop-250874-2022
449,Annora,Talia,PZTrMglZ@MoR.tK,0825466304,2023-11-04,00:30,prop-325949-2022
450,Glynnis,Obed,2L6DejRF@JJa.re,0738345005,2023-02-12,00:30,prop-849946-2022
451,Cissiee,Vernier,ZmWCzCDt@bl.wdt,0608217138,2023-02-11,20:00,prop-522119-2022
452,Chere,Shuler,YiGfw1Ll@P9.oSXD,0617389335,2023-05-28,22:30,prop-699233-2022
453,Barbi,Munn,yiPEGRA5@Utv.ORYf,0826254208,2022-12-18,00:00,prop-843457-2022
454,Zia,Laurianne,cNQ0kLkB@d8.zNCkl,0707564426,2023-04-13,20:00,prop-860304-2022
455,Allis,Elo,WdKaA193@tvW.BF,0607227229,2022-12-03,14:30,prop-826059-2022
456,Ariela,Allare,9P01N9Tb@dOg.KMNO,0703524405,2023-06-17,01:00,prop-073584-2022
457,Mady,Sacken,QTc3Dy9z@Yh.xhXzp,0736369235,2022-11-13,13:30,prop-033692-2022
458,Daphne,Isacco,0QT8XV2f@MH.tTDyH,0724497019,2022-12-10,24:30,prop-757191-2022
459,Carol-Jean,Darrell,khtotd3e@7C.MCc,0618559109,2023-08-05,20:30,prop-415155-2022
460,Maisey,Parette,oxNqc5jg@jMC.tD,0815339128,2023-07-29,22:00,prop-128452-2022
461,Anallese,Merat,b1P8wzRo@8ew.hXpw,0858718318,2023-06-24,14:30,prop-695380-2022
462,Claresta,Casimir,jnuGhAy4@pzW.El,0824798135,2023-07-13,04:00,prop-112176-2022
463,Marjie,Infield,RFRdVRQH@sJ.ANrT,0854515104,2023-01-18,04:00,prop-658028-2022
464,Ronna,Jobi,K9g0SrRM@NlR.Gl,0735534029,2023-08-08,23:30,prop-809759-2022
465,Sharlene,Keily,ONbT4M5Z@ea0.YdVp,0837505406,2023-09-04,20:00,prop-072622-2022
466,Aigneis,Haerr,Glhs5LFq@bbE.sljl,0718615115,2022-11-27,14:30,prop-332002-2022
467,Hollie,Buckler,EIn1lgsh@wNU.pVS,0834437428,2022-11-16,00:00,prop-570960-2022
468,Elmira,Skell,s2T5KSZl@Tg.WRzx,0616208108,2022-12-06,20:30,prop-384268-2022
469,Anica,Noelyn,vEmApzHm@vZF.ra,0826247415,2023-10-28,13:00,prop-243384-2022
470,Trudie,Jacobah,ry67uhhs@XQz.Vo,0724489106,2023-10-31,10:30,prop-581769-2022
471,Myriam,Ardra,DDmb7avu@1Ou.BBFBY,0616467025,2023-03-24,14:30,prop-708190-2022
472,Flory,Christal,eHG7Rl3B@fq.Cvuw,0808708418,2023-06-27,02:00,prop-707834-2022
473,Shaylyn,Suzetta,R8tOVNnP@Zb.rUYML,0804486309,2022-11-17,10:30,prop-829507-2022
474,Collen,Cottle,ohjDfGaS@0T.UjGnt,0726288239,2023-02-13,21:30,prop-309218-2022
475,Eugine,Hunfredo,B2NSJWLN@yh9.jDyo,0706664128,2023-09-14,02:30,prop-485145-2022
476,Clo,Tayib,FYMumelt@V65.ml,0708436435,2023-06-11,11:00,prop-526165-2022
477,Ingrid,Cynar,iTemybRL@Z9X.Xnb,0733679039,2023-04-30,11:00,prop-597783-2022
478,Ernesta,Aloise,TAycHNVo@YMq.vc,0608656228,2023-03-15,02:00,prop-652429-2022
479,Merry,Kenwood,lcOwUkiA@WF.NcYFd,0634738028,2023-09-28,24:30,prop-967285-2022
480,Gerianna,Ortrude,7zkDZcaB@KB.qaDH,0703556429,2023-09-21,11:00,prop-787213-2022
481,Ketti,Cleo,PFerS2wh@Fn.HV,0814295337,2023-03-07,20:30,prop-562358-2022
482,Fanny,Liebermann,JVm4ZaGz@euE.mncJg,0733574437,2023-01-02,04:00,prop-643046-2022
483,Ketti,Laverne,64ahCIS7@6hA.Va,0855344019,2022-11-21,01:00,prop-208056-2022
484,Hermione,Diogenes,25R06720@yt.Eafk,0714794424,2023-03-17,13:30,prop-942074-2022
485,Lorie,Verger,SFckByXh@mb.sOl,0717664135,2023-04-08,12:30,prop-124622-2022
486,Candi,Greenwald,tmUWFPnR@BO.sDF,0626258208,2023-10-20,22:30,prop-643302-2022
487,Carmela,Ilka,peaO6NSp@GE.BCyi,0614658435,2023-02-20,22:30,prop-361425-2022
488,Ottilie,Destinee,xqrRQxQB@WED.QrAV,0727526134,2023-05-03,20:00,prop-146922-2022
489,Wanda,Ciapas,ZGIuZy8D@Ak.vzqec,0826707426,2023-12-01,10:30,prop-473571-2022
490,Cyndie,Kolnick,mhQRzH5w@g1.hWql,0858509225,2023-11-30,11:30,prop-746514-2022
491,Edith,Beebe,0T9nijyr@cMG.WMkE,0725487006,2023-02-24,23:30,prop-159946-2022
492,Paola,Faria,CGVMkEJL@xD6.kevQt,0606567115,2023-05-24,24:00,prop-511675-2022
493,Donnie,Klotz,Jr8SPQgB@DL.HxQ,0814234025,2022-11-16,02:00,prop-662237-2022
494,Cissiee,Erskine,lBVWK0MS@iYv.dtPdp,0808544305,2022-12-30,24:30,prop-388186-2022
495,Elvira,Vivle,TcX1VF7e@By.DP,0636379335,2022-11-17,21:00,prop-194734-2022
496,Ethel,Lacombe,gd0TVe12@16.pU,0633635227,2023-03-18,01:00,prop-066570-2022
497,Kary,Bandeen,4aQpVMqH@rKj.MMh,0815538229,2023-06-18,13:30,prop-793705-2022
498,Linzy,Amethist,B6mcOqec@pdW.yXP,0737256207,2023-09-26,20:30,prop-197381-2022
499,Cathie,Lalitta,MrTk2XAo@spq.AFYa,0603525238,2022-12-13,03:30,prop-914373-2022
500,Katharina,Azeria,gD3CcCyY@7V.bOqo,0753614009,2023-03-08,02:30,prop-575581-2022
501,Ellette,Hailee,4s2a67dE@TqL.toj,0705625205,2023-05-23,01:00,prop-433065-2022
502,Leontine,Erlandson,SucKooU4@Df.LY,0755299219,2023-06-16,13:00,prop-238721-2022
503,Gianina,Voletta,ujc0ST5r@I7K.tCxr,0756606034,2022-12-21,23:30,prop-710875-2022
504,Vere,Camden,HPqPMzYA@r7.vHjzp,0816587219,2023-01-09,11:00,prop-451144-2022
505,Debee,Eno,ywgHKF5G@wnw.QybMg,0857666329,2023-08-18,23:00,prop-977184-2022
506,Kenna,Sinegold,BB7TuGjM@Pr.ovjzH,0807537428,2023-09-29,11:30,prop-607609-2022
507,Nessie,Ledah,rvlLSFxN@Wtk.jVfiV,0707758236,2023-08-25,22:30,prop-641358-2022
508,Fernande,Torray,TgQLZAYR@1K.zAYmv,0627457428,2023-08-21,14:00,prop-730315-2022
509,Moyna,Bashemeth,kzCYytrt@C4.ohwv,0857505008,2023-12-18,24:00,prop-852178-2022
510,Stevana,Georgy,jpUOwpAy@pp.HBjQ,0853397135,2023-04-25,20:30,prop-914210-2022
511,Cecile,Wittie,jOW8iAMv@Wj.iWRU,0618278219,2023-11-15,21:00,prop-611081-2022
512,Mary,Gaal,HASg6oPh@4xo.gVj,0618509207,2023-05-12,11:00,prop-990477-2022
513,Frieda,Cosenza,PcrFBcGp@Kb.qIl,0753437135,2023-04-17,10:30,prop-339814-2022
514,Florencia,Erskine,588u9Iej@mjm.bqAgK,0754287005,2023-03-01,00:30,prop-520285-2022
515,Diena,Gaynor,yodJaPDf@bc.QHKc,0728547415,2023-04-30,13:00,prop-255509-2022
516,Merle,Nikaniki,DZoGRsYc@o9s.KacH,0633674106,2023-02-03,13:00,prop-588619-2022
517,Cassondra,Jehu,sUP3x0BR@Yq.bBEZA,0716789016,2023-08-29,04:30,prop-325495-2022
518,Roseline,Jary,GFbc0yiT@mp.TVkU,0754615325,2023-05-05,22:00,prop-795667-2022
519,Etta,Matthew,rhEiuMda@slp.bB,0818317427,2023-08-02,13:00,prop-158193-2022
520,Hallie,Georas,0u9tNkMX@bd.ewl,0858729325,2023-06-04,01:30,prop-395435-2022
521,Candi,Fancie,InNAOxVa@CT.XXhgD,0738209217,2023-12-26,00:00,prop-462819-2022
522,Rebeca,Fry,rw8r4zwM@DP.ScxJd,0804214007,2022-11-23,00:00,prop-329154-2022
523,Dulcinea,Reneta,cWxzhdsz@B5.MmFJ,0628215026,2023-09-29,10:00,prop-594657-2022
524,Dede,Shama,6n2hn3wU@75.qoCi,0836386417,2023-12-24,22:00,prop-791440-2022
525,Steffane,Teryn,8qf6spsJ@7RI.uzb,0735285225,2023-10-29,12:30,prop-641334-2022
526,Ellette,Stacy,pFMd8fVM@Qui.AhI,0858627215,2022-12-03,21:00,prop-860813-2022
527,Clo,Poppy,wwQz07Fx@P1.vxq,0653299427,2023-12-17,02:00,prop-136651-2022
528,Dulcinea,Estella,guQiPt5u@gi.Syp,0628457004,2023-11-19,03:00,prop-712582-2022
529,Ruthe,Blake,chEym1vO@Ou.TVSid,0627544006,2023-01-15,22:30,prop-847261-2022
530,Shell,Estella,55FOeRdR@Jt.rwbKO,0718539118,2023-08-02,22:30,prop-674352-2022
531,Belva,Baylor,E9GIZiW9@bc.JI,0707525316,2023-10-27,22:30,prop-271418-2022
532,Livvyy,Diogenes,R3MH5rE5@sQ.Fmu,0833467129,2023-06-01,23:30,prop-222678-2022
533,Augustine,Kiersten,senGYhwl@mg.MQXL,0835265226,2023-07-11,14:00,prop-116760-2022
534,Jenilee,Lytton,YfsaE0J2@kC.HpZD,0758748314,2023-03-01,22:30,prop-568697-2022
535,Dulcinea,Braun,KRyb5TSw@m8.VYnqG,0737214326,2023-10-26,21:00,prop-247761-2022
536,Valeda,Infield,QqP4uIxb@QVR.lqw,0828568328,2022-12-29,00:30,prop-275113-2022
537,Madeleine,Bibi,7Icb56pN@5TF.YmCZt,0854628114,2023-06-17,04:30,prop-599055-2022
538,Robbi,Keelia,59A5uY88@xre.XcBZl,0626414225,2022-12-07,24:00,prop-230060-2022
539,Maryellen,Zola,OlBcYktw@ias.BM,0758699316,2023-04-05,14:00,prop-997186-2022
540,Oralee,Norrie,yFkl3vAr@u3I.Jh,0706675009,2023-10-18,21:00,prop-312451-2022
541,Shaylyn,O'Neill,bH1mnWSb@ch.prE,0824416216,2023-04-27,03:00,prop-329885-2022
542,Kristan,Tarrant,0DhgFTuV@bW.YyZ,0708506324,2023-08-29,24:30,prop-652430-2022
543,Tabbatha,Dreda,U1CwpnYD@al.uQMG,0805549205,2023-10-30,22:30,prop-463851-2022
544,Lilith,Melony,gEfI2B1Y@uC.QF,0825498109,2023-05-22,10:00,prop-822248-2022
545,Tami,Bashemeth,74vcz8Lu@hN.vbzUR,0713565419,2023-05-18,01:00,prop-087949-2022
546,Ann-Marie,Gilbertson,1ouDYDb5@QG8.ON,0727627418,2022-12-19,03:30,prop-411218-2022
547,Beatriz,Pulsifer,SHGOlDeS@Oho.NSbfm,0758265024,2023-06-27,13:00,prop-564709-2022
548,Ginnie,Bouchard,tK8HbWNx@RJ.rqVkP,0653534404,2022-12-15,22:30,prop-703491-2022
549,Zondra,Calhoun,2f5Uc0e3@9x4.GPBg,0654466337,2023-02-13,24:00,prop-394107-2022
550,Aurore,Tremayne,vJkiCoYM@Z1.Ie,0708269237,2023-07-03,13:00,prop-033096-2022
551,Beth,Ariella,VzI75t20@I8.DH,0838736226,2023-07-02,20:00,prop-894450-2022
552,Audrie,Ovid,EXAqbzoN@XqE.duQmz,0638279238,2023-04-04,03:30,prop-243268-2022
553,Daryl,Reinke,Nq6yQwzb@lG.ZO,0603506029,2023-02-09,13:00,prop-756965-2022
554,Gusty,Kare,AlJuZHAn@nB.mL,0654538219,2023-06-08,04:30,prop-071041-2022
555,Jackie,Pulsifer,UUjtDb9p@P8B.ldQn,0808575239,2023-07-01,24:00,prop-880590-2022
556,Beverley,Corabella,ZcO6Box0@OzC.yBUH,0715646234,2023-09-07,12:30,prop-942405-2022
557,Selma,Ioab,LXQLuwWj@UqG.HPq,0835465206,2023-08-11,00:30,prop-894630-2022
558,Clementine,Rossner,09C2EYY8@O1.yeQ,0627296434,2023-05-22,14:00,prop-404308-2022
559,Magdalena,Medrek,ALSvdQQp@j2C.EN,0637504007,2023-07-02,00:00,prop-671745-2022
560,Lindie,Annice,MrasGJ5h@mn.erkC,0628535439,2023-04-26,23:30,prop-893247-2022
561,Marline,Cadmar,BdXhNq8a@D6.UP,0658279329,2023-06-15,12:30,prop-361333-2022
562,Luci,Jenness,qWqBcwHA@kZR.kPnpw,0628207008,2023-12-15,21:00,prop-427380-2022
563,Dulcinea,Harned,BNNTBj3c@jaC.qBODR,0635289338,2023-03-25,24:00,prop-714397-2022
564,Berta,Jobi,dwoRh29t@M6O.ck,0615667317,2023-06-05,13:30,prop-428320-2022
565,Marnia,Slifka,jY7pgcfi@j2K.oGEdn,0827439009,2023-12-15,20:00,prop-729010-2022
566,Verla,Ulphia,qv7VrZgo@pO.QeiV,0756355214,2023-07-08,01:30,prop-692453-2022
567,Adelle,Mayeda,V4fTBCR9@PsM.LpII,0615397408,2023-01-18,24:30,prop-290530-2022
568,Corina,Ilka,vKilW5L5@Nb.tGKU,0728689139,2023-11-19,24:30,prop-695380-2022
569,Wynne,Redmond,PnAVNjGh@Zx.PMOu,0753326019,2023-07-16,23:00,prop-944822-2022
570,Silvana,Martsen,R6HCJJ1s@MK.svLVO,0656664138,2023-02-11,04:00,prop-972846-2022
571,Amii,Fairweather,5GQQhGuq@qI.kipJ,0617596228,2023-02-04,24:00,prop-180611-2022
572,Ermengarde,Poll,1GRcM7gT@xWi.jOH,0753327107,2023-01-06,11:30,prop-568320-2022
573,Karlee,Peonir,dOJjFDAP@yKG.aoN,0614477416,2023-05-19,21:30,prop-373854-2022
574,Blondelle,Maurine,YP1FGsoc@W8U.mc,0854674337,2023-04-19,00:30,prop-694787-2022
575,Dotty,Alexandr,Y8aox87Q@zdW.tkNZ,0603755336,2023-07-27,13:30,prop-559160-2022
576,Elyssa,Bryna,mDZWOeVC@iJ.WubwQ,0638327405,2023-12-20,00:30,prop-815795-2022
577,Tonia,Nicoline,VIxOq56L@A8g.ws,0655269314,2023-03-29,23:30,prop-104550-2022
578,Kate,Denis,hek7vdEG@p3e.LrBS,0653645127,2023-04-24,14:30,prop-500478-2022
579,Karina,Wiener,gnNZeGCb@DLw.rfQT,0753588405,2023-01-03,23:30,prop-644415-2022
580,Lanna,Tjon,ahQxC6mm@LxM.kxz,0825286339,2022-11-14,14:30,prop-098123-2022
581,Elfreda,Felecia,ekFZZqra@4tz.suHNo,0836604214,2023-04-17,01:30,prop-289881-2022
582,Cam,Frodi,3kvuIDm2@Ej.DVe,0838505314,2023-11-13,22:30,prop-974731-2022
583,Karena,O'Rourke,iUHJzRt9@bx.cde,0608294305,2023-08-29,12:00,prop-379268-2022
584,Gusella,Center,N02ARPt5@gGk.rb,0808724438,2023-12-18,22:30,prop-225360-2022
585,Cordi,Joachim,RE4pe4is@hIu.CJz,0626529127,2022-11-27,03:30,prop-891039-2022
586,Janeczka,Grayce,9ULDIos3@ef.VS,0735465328,2022-11-30,20:30,prop-306361-2022
587,Latisha,Marden,QmhugTpi@5w.Koca,0725599305,2023-03-03,00:30,prop-543021-2022
588,Sonni,Barney,0kXShrHO@CK.HWCU,0623324039,2023-06-27,24:30,prop-169325-2022
589,Pamella,Gibbeon,s0RDlAIN@3ht.zxMC,0854328207,2023-03-03,23:30,prop-186315-2022
590,Marylou,Yuille,Zh3JsNaf@Bc.VXN,0606396436,2023-08-14,01:00,prop-125046-2022
591,Nariko,Pauly,qwAm3c2g@5o.BhvN,0604478406,2023-08-28,22:00,prop-302804-2022
592,Betta,Hermes,LDcVrzxi@tU1.YmyW,0636318336,2023-09-02,14:00,prop-785794-2022
593,Janenna,Kussell,3fsS4K4n@zix.kwES,0614797315,2023-08-29,24:00,prop-782172-2022
594,Genovera,Gert,uJ7ZoVN4@aJ.sMSqk,0826767424,2022-12-21,12:30,prop-538498-2022
595,Alyssa,Revkah,rwwxZdT7@MW3.ZMpvF,0816367027,2023-03-02,24:00,prop-158626-2022
596,Merrie,Faro,W6yPcClB@45y.ua,0754736429,2023-06-19,21:30,prop-296959-2022
597,Charissa,Dorothy,ry2UoEJq@7h.oue,0815604416,2022-12-27,00:30,prop-043168-2022
598,Merle,Bergman,r3AhfdIg@4jM.GUVHm,0815299424,2023-04-09,02:00,prop-016991-2022
599,Queenie,Sparhawk,JriiOEvZ@Px8.dDVVz,0815627004,2023-05-07,13:00,prop-064897-2022
600,Rori,Helfand,MHEIISOE@TbW.tcLyE,0608316035,2023-11-05,02:30,prop-358264-2022
601,Jordan,Leler,KdA6KiPw@uY.XrdLJ,0626354328,2022-12-12,14:30,prop-843791-2022
602,Ezmeralda,Brieta,4q6fxsIc@uK.lB,0818504438,2023-09-27,00:30,prop-855126-2022
603,Lorie,Campball,eCxDQNce@1E.Hka,0817496014,2023-08-21,01:30,prop-010457-2022
604,Maisey,Sallyann,lpc4bMEP@q3.deBuC,0706457118,2023-12-15,23:30,prop-132626-2022
605,Janeczka,Thunell,eptI5FGq@sXL.bHeLP,0727436437,2023-04-29,00:30,prop-633071-2022
606,Dorene,Bach,ujJhNzu9@N9W.lcNQ,0726288137,2023-03-11,23:00,prop-406131-2022
607,Mariele,Waldron,ZFqgVYrG@8IN.LpDLa,0605464435,2023-11-24,13:00,prop-107782-2022
608,Merry,Bobbee,MCA8xykH@5RI.Yc,0825727109,2023-01-14,11:00,prop-749739-2022
609,Ellette,Anestassia,YuuEH7PP@yJ.rI,0614368307,2022-12-25,01:30,prop-180065-2022
610,Judy,Ophelia,5OO1zZsn@KDI.Kne,0706468218,2023-11-13,03:30,prop-487413-2022
611,Gwenneth,Melan,lpWqpb13@xs.uEH,0823279006,2023-01-29,12:30,prop-488347-2022
612,Yolane,Hubert,AO3xWtpo@CZ1.Ty,0703716414,2023-01-10,02:30,prop-376296-2022
613,Clo,Chesna,yzz4jcau@6B.NVKai,0603409225,2022-12-21,24:00,prop-564614-2022
614,Shell,Taima,JzRuXpp3@KVn.bXn,0655344236,2023-08-23,04:30,prop-964028-2022
615,Kylynn,Lalitta,6eTIIlvS@t4.CX,0603788405,2023-09-01,00:30,prop-149569-2022
616,Ingrid,Roumell,iye7fYiK@B9.WPuP,0723599128,2023-10-24,10:00,prop-517832-2022
617,Nelle,Sidonius,lWUfA3z0@1lS.ds,0605676014,2023-02-26,21:30,prop-530591-2022
618,Georgetta,Pauly,kuGNLROC@Aa.rR,0855237235,2023-08-30,04:00,prop-699743-2022
619,Ira,Rocray,fkVNX3UB@FjW.jK,0805784216,2023-08-05,10:30,prop-264200-2022
620,Cathie,Danby,Fs8Sg0dD@VR.RQDZ,0755295239,2023-08-23,00:00,prop-685551-2022
621,Clary,Dyche,A5diqafb@iF.CneB,0725396409,2023-06-06,10:00,prop-498300-2022
622,Ardeen,Johanna,3zfsuRa5@PU.QKX,0618334118,2022-11-13,11:30,prop-538270-2022
623,Caressa,Jalbert,Lj8oNQhb@Od.Lpj,0625385226,2023-02-01,21:30,prop-440813-2022
624,Alyssa,Arvo,SLvc3WpB@a6Z.rNhF,0654385137,2022-11-20,12:30,prop-873998-2022
625,Frieda,Salvidor,Hj9OMNhF@12.vGM,0816577328,2023-06-09,22:00,prop-819938-2022
626,Elora,Lay,Hbhg3Ml9@Qx.aaTR,0735325019,2023-10-04,03:30,prop-544822-2022
627,Collen,Dunkin,ghP0waxf@OO0.efvR,0753645305,2023-11-01,04:00,prop-924006-2022
628,Phylis,Artie,r5nMeKb2@hM3.GVFB,0826487306,2023-05-31,10:30,prop-213280-2022
629,Iseabal,Evangelia,hZmIcXcG@uhJ.GaYq,0828776315,2023-02-25,03:30,prop-408182-2022
630,Bernie,Francene,j1R1Xs9s@lp8.zbwhK,0756375024,2023-07-20,14:30,prop-655213-2022
631,Justinn,Eliathas,2hG1aTFk@WQg.ffP,0708377406,2023-10-17,01:30,prop-786378-2022
632,Henriette,Skell,8qxMZQk3@iSo.wJH,0658778015,2023-08-14,10:00,prop-227786-2022
633,Agathe,Evangelia,dI7E9wZK@qLh.Ax,0657554216,2023-09-14,00:30,prop-050599-2022
634,Joleen,Taima,jV0ABFQS@AuS.Dc,0605288027,2023-06-02,11:30,prop-245185-2022
635,Mallory,Boehike,QpIMvzol@6R.PhE,0713355104,2023-04-25,24:30,prop-308677-2022
636,Courtnay,Mendez,TG7zH24R@qX8.Awf,0857339434,2023-05-21,10:00,prop-104408-2022
637,Elena,Truc,rqhy5kKc@UDT.BPE,0817625409,2022-12-29,02:00,prop-311239-2022
638,Ericka,Catie,EaF430j3@74.za,0805689327,2023-04-28,00:00,prop-135473-2022
639,Tressa,An,z0rz3MKe@QiJ.DGK,0818345329,2023-06-11,10:30,prop-573734-2022
640,Cindelyn,Demitria,VlxDnoKE@5w8.wL,0756217325,2023-06-13,12:00,prop-309674-2022
641,Peri,Zetta,k1wgsf4h@qR.TAB,0737338314,2023-09-03,04:00,prop-539520-2022
642,Jenda,Bohlin,JpdgiTrx@u4.GpiH,0607596137,2023-09-12,01:30,prop-292047-2022
643,Shaine,Xerxes,r8VuiGBq@zj.gUyI,0616709116,2023-02-02,21:30,prop-074286-2022
644,Katuscha,Mehalek,ueDFIxJy@vk.Ckit,0627796207,2023-04-14,22:30,prop-710738-2022
645,Frieda,Longfellow,BQotV644@ciX.KVLc,0856219437,2023-03-20,21:00,prop-524277-2022
646,Miquela,Avi,lkLHIFLb@hb9.iDCD,0807414129,2023-01-25,10:00,prop-389988-2022
647,Arlina,Genna,H4oTenmp@7og.efexk,0634784319,2023-01-01,13:30,prop-269243-2022
648,Elbertina,Clara,HY7ki0kU@ClQ.DDY,0658229424,2023-07-24,13:30,prop-316916-2022
649,Jenda,Gladstone,J43dOqRN@Hs.FfLZl,0817589215,2023-08-10,24:30,prop-810182-2022
650,Tierney,Bartlett,waeCpK3C@Ml.gCc,0837339008,2022-12-30,21:30,prop-075916-2022
651,Ellette,Iiette,0kRWC93p@iQ6.PXhs,0723658006,2022-11-24,10:30,prop-237714-2022
652,Danny,Kevon,pzHsVXem@uN.VXzH,0727549416,2023-10-22,22:00,prop-737453-2022
653,Nicoli,Roumell,rkDvNAGX@7M.uBybR,0633209316,2023-02-08,01:00,prop-904244-2022
654,Lesly,Ardeha,K1FNZeJW@qT.FZ,0755424439,2022-11-27,11:00,prop-777665-2022
655,Belva,Oster,Y6mAgKg7@Nz8.TiNLr,0607337107,2023-01-14,21:00,prop-684109-2022
656,Basia,Merat,H5h7amTb@11K.sg,0654597305,2023-06-26,22:00,prop-499988-2022
657,Alisha,Berard,jWoBHqPk@i6.CSH,0706616139,2023-01-13,11:00,prop-758370-2022
658,Genovera,Armanda,AySLWp2z@y91.Vm,0753318439,2023-06-10,01:00,prop-139115-2022
659,Valera,Dannye,wZ5RNzA0@caN.luF,0614495315,2023-04-28,02:00,prop-273159-2022
660,Annecorinne,Lytton,U6UBbInB@FU.dQEPj,0834296035,2023-05-02,23:30,prop-597594-2022
661,Rozele,Peonir,CSc42ok6@tj.KrBh,0655447206,2023-07-22,12:00,prop-506008-2022
662,Zsa Zsa,Nadia,Mvv16Wvt@UjC.CMJ,0837339115,2023-08-21,01:30,prop-298756-2022
663,Shaylyn,Girardo,CQ8aw1Kr@Ma.OJ,0835598036,2023-07-27,12:30,prop-856632-2022
664,Susette,Tice,clHmvow4@jK.iLGKO,0855295238,2023-06-23,00:00,prop-223364-2022
665,Gloria,Juan,lHSS7H1M@ixx.OZQxB,0826319224,2023-03-20,11:00,prop-684823-2022
666,Bill,Baudin,fadBNPvQ@gjK.uhBib,0625306225,2022-12-08,13:00,prop-983720-2022
667,Yolane,Rhu,vmALb5SO@2T.dky,0817404305,2023-10-02,21:00,prop-189512-2022
668,Silvana,Klemperer,LPCDf9yn@Tv.zDGph,0603368109,2023-09-03,01:00,prop-910692-2022
669,Ginnie,Karna,mUhzPDm9@UQ9.EmLDz,0634347036,2023-01-24,21:30,prop-672545-2022
670,Cassondra,Loeb,tr6s570w@NX.gQmmy,0836329229,2023-08-26,21:00,prop-632783-2022
671,Candy,Ursulette,knSZNU2c@cja.yHT,0638409128,2023-07-04,23:00,prop-019772-2022
672,Sandie,Melony,XLQcs7Oe@On.IFg,0755614209,2022-11-25,21:00,prop-709532-2022
673,Lorie,Odell,2rauzRnf@3iq.kY,0634717325,2023-04-26,11:00,prop-287478-2022
674,Melina,Kunin,BmqNgnCf@fn.iK,0613367214,2023-04-26,20:30,prop-950645-2022
675,Bill,Quent,9URkz9US@HzC.bDxaU,0613649207,2023-03-31,12:30,prop-685163-2022
676,Gabriellia,Catie,X7ISnjRg@sM.GPxrl,0633647424,2023-06-17,24:00,prop-910102-2022
677,Berget,Bethany,TBb8Wr6d@8NV.FB,0728754409,2023-07-12,21:00,prop-056817-2022
678,Nadine,Schlosser,P0lQOACm@nK.PpG,0807776307,2023-04-01,03:30,prop-925263-2022
679,Louella,Jena,Izdkjr8v@6y.KKab,0738508415,2023-01-23,00:00,prop-666763-2022
680,Dagmar,Ingra,R0O9ZX8H@R1e.Bh,0654624238,2023-01-18,01:30,prop-244744-2022
681,Marcelline,Even,LnrrEa8a@Jl8.nxCP,0824726219,2023-09-22,13:30,prop-096710-2022
682,Madeleine,Monaco,vl54hVii@VO.je,0616229425,2023-07-22,21:00,prop-314765-2022
683,Hyacinthe,Oster,ORtsnCil@nrn.hG,0816378426,2023-05-27,21:00,prop-264231-2022
684,Mellicent,Tippets,eIgsnPOY@9is.CloSA,0624524239,2023-02-28,24:00,prop-534954-2022
685,Cathyleen,Dichy,lBthGh8c@Xg2.jiOls,0705705316,2023-03-15,20:30,prop-427703-2022
686,Tressa,Izaak,6BxkEiSG@9II.MwF,0624529128,2023-12-30,22:30,prop-124608-2022
687,Margarette,Casimir,uaBbF1Q8@Z8.Vv,0613635229,2023-07-03,13:30,prop-457779-2022
688,Lucy,Konyn,DpFT0xdL@SNk.Zj,0706769004,2023-12-27,13:00,prop-267519-2022
689,Celestyna,Dominy,9UxFnFMm@ro.cuSiY,0854399317,2023-08-13,00:30,prop-806798-2022
690,Florie,Constancy,tAUiLBN0@96.BJL,0614366018,2023-11-15,03:00,prop-202470-2022
691,Dania,Rosemary,jdRpV58q@AIR.utKo,0815236414,2023-07-12,22:00,prop-280441-2022
692,Vonny,Arne,CafFtqxj@nC.Xrfa,0824515408,2023-07-18,12:00,prop-239361-2022
693,Gusella,Edison,aHi3hMLm@cCX.PF,0624469239,2022-11-20,11:00,prop-298019-2022
694,Marylou,Karylin,dNQPd0Nm@vZn.Gzr,0856325037,2023-06-14,20:00,prop-228620-2022
695,Jean,Tybald,bCvS6wlQ@Sf.oo,0724344117,2023-07-28,01:30,prop-530014-2022
696,Demetris,Lanita,IMNt0l0D@Vhq.ahews,0703749135,2022-12-16,21:30,prop-701249-2022
697,Augustine,Toffic,W7ZcAx80@FCH.bDg,0857266106,2023-11-09,11:00,prop-091527-2022
698,Aaren,Goerke,8hiVy7uW@ohI.lM,0618258439,2023-02-03,04:00,prop-399905-2022
699,Jobi,Olympium,YB8uuhU1@DS.Iu,0637497128,2023-06-25,21:00,prop-536383-2022
700,Lauryn,Romelda,SnETG6fF@8ir.sSM,0753779426,2023-10-25,00:00,prop-148140-2022
701,Margalo,Berne,CbvedhL5@Zjd.KY,0717746106,2023-06-09,11:30,prop-209394-2022
702,Chrystel,Fulmer,AiWP5ZYr@3K.rdH,0824458437,2022-12-15,03:30,prop-457495-2022
703,Teriann,Destinee,Xqgd5gTQ@UnV.QYIDW,0813329335,2023-03-10,01:30,prop-607923-2022
704,Jaime,Verger,XFoRpXcL@Ni.WD,0656419108,2023-01-11,13:00,prop-175056-2022
705,Rozele,Lumbard,ksaXr6BN@9F.nJGlJ,0756515239,2023-01-15,13:30,prop-122593-2022
706,Brandise,Breed,RhMhmv7O@kNF.bIQIY,0757675416,2023-09-04,23:30,prop-999693-2022
707,Kassey,Helve,8GRAGMh9@aB.IXo,0803429109,2023-08-13,12:30,prop-632268-2022
708,Donnie,Barney,YV2EBX6n@SF.EnMaV,0833455214,2023-03-15,20:00,prop-064559-2022
709,Lanae,Tarrant,0wH3QvcX@Y1s.QsXW,0838539425,2023-12-08,00:00,prop-675806-2022
710,Jsandye,Docilla,USVXXMyl@YS3.QT,0838689128,2023-03-15,24:00,prop-110015-2022
711,Theodora,Kendrick,X3vLIVry@VL.gFCX,0853665306,2023-07-18,22:00,prop-013149-2022
712,Chrystel,Berne,oKNTG5yF@9G.dRTM,0603264328,2022-11-29,23:30,prop-018276-2022
713,Clementine,Kirstin,FXyvyJFI@2n.prql,0858504207,2023-05-07,24:30,prop-498989-2022
714,Gertrud,Vorster,DcGbcNFC@Jth.KKoD,0655338406,2023-04-05,02:30,prop-303027-2022
715,Tilly,Dahlia,D5xew5M0@bA.wE,0827227005,2023-03-08,02:30,prop-812827-2022
716,Mahalia,Nance,Ox2uixJw@Adf.Ru,0728428018,2023-04-03,11:30,prop-248610-2022
717,Oona,MacIntosh,DaTrJ5Ue@2pc.hijVO,0815516217,2023-03-19,12:30,prop-412482-2022
718,Carilyn,Ephrem,kKSa7kVt@YPe.kvdAw,0756606238,2023-08-03,23:00,prop-168400-2022
719,Theodora,Roumell,ZTtVfhIj@43X.MMWZ,0618374134,2023-06-28,23:30,prop-320787-2022
720,Rayna,Weaks,DP6cp3cE@Gz1.UGY,0823334406,2023-07-30,24:30,prop-122223-2022
721,Elvira,Boycey,PuzrbQLQ@1eQ.QysYU,0703756215,2023-01-03,20:00,prop-556775-2022
722,Danika,Desai,gokvsGn2@8q.Tj,0824319118,2022-12-31,03:30,prop-189412-2022
723,Margette,Goddard,ir6pLxYs@LY.URp,0736234017,2023-08-21,01:30,prop-896432-2022
724,Vonny,Ball,DrMcPgFI@XCb.BNWCB,0705444019,2023-11-01,03:00,prop-355463-2022
725,Tilly,Lunsford,Q2PHAssp@Ug.Qgc,0858394116,2023-05-16,23:00,prop-930451-2022
726,Chere,Tamar,VXwZp7vc@fLw.TiCoF,0624616419,2023-05-15,21:30,prop-097353-2022
727,Nickie,Whittaker,LJhOChhW@ybR.BCiRi,0735715328,2023-11-29,00:30,prop-902033-2022
728,Lizzie,Irmine,b6haZlHE@sza.TyPv,0723768238,2023-06-05,13:00,prop-727783-2022
729,Kore,Shanley,NJxR0fDN@C8.lmN,0854509319,2023-07-11,14:30,prop-272213-2022
730,Pearline,Alarise,QF2gySj8@DVE.usr,0713476218,2023-12-06,21:00,prop-751210-2022
731,Shannah,Koehler,jbgVu7J1@DF9.uEBuv,0656774206,2023-12-06,22:00,prop-606886-2022
732,Marti,Nickola,93E9I8w0@lej.tqC,0805487307,2023-06-11,20:00,prop-966268-2022
733,Alia,Mandler,rRja2zve@i31.uD,0705487039,2023-07-16,10:00,prop-218032-2022
734,Harmonia,Catie,PXwwSZpB@dHT.rqIT,0635549009,2023-01-19,10:30,prop-689152-2022
735,Johna,Arne,H8Xa8tgI@9uG.No,0723644126,2023-04-28,13:00,prop-116627-2022
736,Celene,Wilkinson,gcSKajI5@eZj.oa,0616777238,2023-11-05,10:00,prop-951171-2022
737,Hildegaard,Joachim,S76fW6Ba@dq7.krUar,0708707417,2023-10-31,04:30,prop-694293-2022
738,Rebeca,Kylander,p2VRXBm0@idA.rzh,0706548014,2023-09-06,01:00,prop-740699-2022
739,Marguerite,Loring,mywnrdvv@mUX.hGQb,0704529314,2023-09-09,04:30,prop-179143-2022
740,Joleen,Tyson,VHT0TXzg@KR.Lb,0705586018,2023-06-26,01:30,prop-993690-2022
741,Glenda,Allina,7mQeCM5x@i8a.ScK,0703416106,2023-10-02,23:00,prop-045779-2022
742,Leia,Mike,vlIbzcBt@VFZ.Za,0717244125,2023-01-20,13:30,prop-731047-2022
743,Tersina,Sherrie,LHLIubqH@CCi.ZVmdw,0754265007,2023-07-28,13:30,prop-927630-2022
744,Chere,Maurine,70QQTv2X@NZ.MazX,0803209025,2022-12-26,24:30,prop-214917-2022
745,Hannis,Concha,TrrRn2cL@bx9.WEyQp,0734326206,2023-10-05,10:30,prop-159331-2022
746,Robinia,Baptlsta,KMqOpZ4R@BB.EXW,0857707326,2023-01-30,03:30,prop-411916-2022
747,Eve,Corrine,mJtEIQeh@f3l.asN,0827394416,2023-06-18,14:30,prop-332257-2022
748,Winny,Bearnard,5yVh9It7@FV.VJ,0815625217,2023-02-02,14:00,prop-419131-2022
749,Patricia,Genna,6njQrv6V@xcT.Wl,0858268418,2023-02-11,24:30,prop-292828-2022
750,Glenda,Tillford,CIHebUlg@rI.rQ,0606709218,2023-05-13,21:30,prop-169481-2022
751,Gabi,Francyne,lm5j1Utq@np.wA,0825758019,2023-05-05,24:30,prop-085580-2022
752,Neila,Colp,FDllAX4m@c8k.ETYc,0716315035,2023-01-04,00:00,prop-220879-2022
753,Elise,Hebner,0AVylLhB@pE.zF,0654647115,2023-09-06,04:00,prop-890891-2022
754,Ekaterina,Natalia,6uxGoBSg@N9.XWqRR,0607347206,2023-09-19,14:00,prop-266961-2022
755,Blinni,Faso,R8gjil6E@tqC.Jdxb,0834378215,2023-07-22,22:00,prop-926877-2022
756,Emmey,Stefa,oGWMzkM9@Eum.Qkz,0855626414,2023-02-21,13:30,prop-584826-2022
757,Berta,Winnick,mrAL2zik@ybJ.KmJ,0627348315,2023-12-13,00:30,prop-748353-2022
758,Diena,Frodi,RThLktF4@62.ZlVY,0754644204,2023-07-27,13:00,prop-383419-2022
759,Regina,Dermott,Qj5ZIzwq@xn.iiYOk,0724588028,2022-11-28,01:00,prop-857480-2022
760,Concettina,Sperling,yM0lHjL4@PC.OJ,0737248324,2023-12-05,02:00,prop-731089-2022
761,Livvyy,Cutlerr,STnwqAo4@wY.BpMQZ,0826629334,2023-11-20,24:30,prop-472911-2022
762,Flo,Teddman,MdGIi9iG@ogK.uAmlP,0627716108,2022-11-30,02:30,prop-886371-2022
763,Rozele,Gahl,UKUNvG5Q@9f.SlW,0805307405,2023-07-01,11:30,prop-088366-2022
764,Christian,Thornburg,K7Sbp8oZ@d2W.nAAH,0657438127,2023-09-30,20:00,prop-783813-2022
765,Dotty,Naor,n2cs3xmc@PgH.JMW,0623368334,2023-05-12,14:00,prop-149182-2022
766,Brena,Creamer,nQprCO6j@Z9M.IUv,0736699129,2022-12-27,24:00,prop-864496-2022
767,Nananne,Ferrell,h97k5kIQ@mH.ML,0833699015,2022-12-27,03:00,prop-397201-2022
768,Babita,Reneta,GIQq5uiK@iN6.YBMCl,0825379109,2023-03-19,21:00,prop-626284-2022
769,Vanessa,Grobe,eJsWODEg@ylk.NXu,0718237228,2022-11-20,10:00,prop-653757-2022
770,Darlleen,Beebe,kmg9isJH@5pp.gnPi,0857348105,2023-01-06,22:00,prop-069657-2022
771,Amelia,Moina,rP2ZQbJU@3O.fK,0857414317,2023-02-09,14:00,prop-488481-2022
772,Renae,Suzetta,3wQULwGb@ao.Mqog,0738734039,2023-12-07,11:30,prop-149657-2022
773,Netty,Kenwood,oA2tSvdz@hi1.xGIFV,0826716024,2023-06-14,10:00,prop-336318-2022
774,Jenda,Stuart,LqJCgC87@Db.kPfpR,0814346035,2023-06-25,14:30,prop-128991-2022
775,Charmaine,Nunci,pbBY3INL@8u.nF,0838475426,2022-12-25,13:00,prop-030639-2022
776,Sallie,Malvino,K77lbFXJ@Tx.kr,0804439306,2023-09-24,24:00,prop-767821-2022
777,Sabina,Ade,Qh45u3ft@9s2.rQzO,0758557234,2023-09-15,01:30,prop-221474-2022
778,Teriann,Janith,b2g5sabn@py.iN,0815385118,2023-07-04,04:00,prop-120451-2022
779,Viki,Wandie,4hzoEAmf@vC.edN,0716725116,2023-06-08,10:00,prop-401225-2022
780,Fayre,Kravits,scHTmkPZ@s8.CO,0835516206,2023-10-27,21:30,prop-060690-2022
781,Alejandra,Mich,QM8M07Pt@T4R.Gempk,0757349325,2023-11-12,02:00,prop-609912-2022
782,Clary,Nester,2enNcEai@ci9.CfLp,0813355224,2023-06-25,14:30,prop-971040-2022
783,Modestia,Geffner,jTRscoGF@3n.BnRkc,0827518409,2023-01-14,13:00,prop-220248-2022
784,Briney,Concha,3pk5hByd@Do5.ZkBZ,0603384426,2023-08-28,10:00,prop-905252-2022
785,Tomasina,Lunsford,hOOB0LOE@RB.IpI,0823577225,2023-06-19,21:30,prop-202754-2022
786,Cacilie,Frendel,69mDJNxB@Zr.Kw,0814778019,2023-01-06,23:00,prop-360140-2022
787,Harrietta,Drisko,PWnNOhAd@vl.gP,0628314416,2023-02-27,24:00,prop-903622-2022
788,Ardeen,Dyche,Jx6iDhW0@mf.ciJC,0733229238,2022-12-09,03:00,prop-826439-2022
789,Robbi,Hachmin,Y0mhHeat@lD.qK,0615355408,2023-02-06,22:30,prop-215780-2022
790,Sarette,Alabaster,UrvYC8HE@LG8.XMgBB,0713419404,2023-05-06,22:30,prop-750182-2022
791,Pierette,Wallis,SmV63xSG@Cj7.Zr,0757724109,2023-12-11,11:30,prop-708147-2022
792,Robinia,Durante,y0HsE4te@L0o.dgg,0756555035,2022-11-11,10:00,prop-935214-2022
793,Margalo,Munn,HQrueLQC@8Vy.HWhh,0755438218,2023-08-10,11:30,prop-749211-2022
794,Binny,Allare,92IfzDX6@Ad.Qjs,0803317217,2023-04-07,04:30,prop-859201-2022
795,Ingrid,Shaddock,F538HjRL@b4m.KkF,0834484338,2023-06-13,22:00,prop-478829-2022
796,Caryl,Parsaye,awiIjWGj@3tf.KtJ,0804546239,2023-04-26,21:30,prop-816945-2022
797,Nyssa,Elsinore,imPwHjcE@NQD.iw,0705224117,2023-08-12,00:30,prop-223534-2022
798,Sadie,Cecile,npNP8Yit@pAy.sxO,0657505005,2023-08-12,23:00,prop-420903-2022
799,Caressa,Standing,fHymtDKU@Ru.KIiqo,0607357416,2023-07-28,04:00,prop-833538-2022
800,Nelle,Orpah,HGpWxXYI@CA.LK,0836456117,2023-03-07,11:30,prop-191702-2022
801,June,Radu,MN2fqFw0@FB4.NPj,0655344117,2023-04-15,03:00,prop-126006-2022
802,Kristan,Dalli,xXRqcuDY@rz.MzKlK,0606226005,2023-01-13,22:30,prop-002545-2022
803,Albertina,Garek,etzCeyBa@aSL.QXu,0718737238,2023-06-07,21:30,prop-105617-2022
804,Flo,Lane,cHNszBX9@uD.wht,0855729217,2023-01-21,12:00,prop-545747-2022
805,Raina,Stoller,GPiKl1sa@CDp.FCL,0803405034,2023-12-09,22:30,prop-966062-2022
806,Hyacinthe,Erminia,CsIPqUrV@Z3.na,0717677138,2023-08-29,20:00,prop-007297-2022
807,Shannah,O'Rourke,ITjyPrQa@WV5.fRZMZ,0856318427,2023-04-30,22:30,prop-514618-2022
808,Lanna,Atcliffe,dGvKBM2y@gBp.Vsgis,0716229114,2023-07-01,23:30,prop-988017-2022
809,Molli,Arne,PC2NDHcg@g7.hfA,0605387225,2023-10-06,03:00,prop-287053-2022
810,Amara,Malvino,fNMn7wxy@HVO.QRDT,0623286309,2023-12-10,03:00,prop-063709-2022
811,Marinna,Cath,hjS8S9NL@t3.rwb,0828299209,2023-01-29,22:00,prop-021098-2022
812,Alleen,Gower,j4RhlFQs@bI.fS,0606779326,2022-12-05,00:30,prop-942059-2022
813,Farrah,Bury,EdYo7u3c@JA5.oi,0818596117,2023-12-29,20:30,prop-654935-2022
814,Kittie,Gladstone,HICvTDaE@DCx.PILn,0614387216,2023-07-30,22:30,prop-537922-2022
815,Sharai,Claudine,PnxQm5BT@c8K.Aqf,0705424435,2023-06-15,21:00,prop-949763-2022
816,Mady,Adlare,y2KzSD1i@0P.ffP,0713514128,2023-06-14,24:30,prop-970439-2022
817,Talya,Carlson,nlNfgh6I@cVT.vrTc,0628668405,2023-01-01,23:30,prop-753260-2022
818,Jsandye,Cleavland,AWrNEqHB@om.zOROJ,0736558028,2023-08-14,24:30,prop-682300-2022
819,Corene,Brackely,ChFd4paX@tgk.zOn,0855447004,2023-11-02,01:30,prop-392229-2022
820,Lynnea,Hanshaw,IySopK6J@Gs.KxR,0833447439,2023-11-08,12:00,prop-637624-2022
821,Elie,Ietta,AHbx0t43@QnO.OPyNq,0625726337,2023-07-18,03:30,prop-576334-2022
822,Lauryn,Amadas,lR9ojb4x@SP.ED,0837654429,2023-02-24,24:30,prop-526306-2022
823,Lory,Hermes,GexqHZia@0w.sPb,0658437308,2023-05-22,00:30,prop-480850-2022
824,Brena,Gaulin,dFRCLMQa@X6J.Tcvla,0605279308,2023-01-14,23:00,prop-535018-2022
825,Frieda,Thunell,irr2mAMG@Ft.nFLZX,0833245006,2023-12-16,03:00,prop-342321-2022
826,Brana,Dahlia,2m2h2MNt@N8.ARN,0703695435,2023-07-08,23:00,prop-952989-2022
827,Chickie,Berriman,eFe9vMhn@Xd.LeXe,0716316105,2023-06-25,03:30,prop-870766-2022
828,Jemie,Levey,rGlefqkx@ABO.dnHdk,0707435004,2023-06-19,04:30,prop-148135-2022
829,Cathie,Harday,fbmUMfoZ@wjx.dvM,0627547126,2023-11-22,23:00,prop-600044-2022
830,Jasmina,Nickola,waBo5T4m@4R.Vq,0857557207,2023-06-20,14:30,prop-001508-2022
831,Hollie,Letsou,1vx54OUF@9x.Dzs,0617648009,2023-06-25,01:30,prop-334962-2022
832,Sibella,Prober,u9AYZKOl@fZ.bcSHw,0714719214,2023-11-02,21:30,prop-687176-2022
833,Petronia,Nahum,6JqlDRgv@wC.CTfux,0614344104,2023-09-17,23:30,prop-699554-2022
834,Flo,Ackerley,nZ9Jb13c@HV.MgK,0623795306,2023-08-24,00:00,prop-888665-2022
835,Millie,Berl,18f9XjKo@ZxL.suAPC,0753368225,2023-05-18,03:00,prop-099036-2022
836,Korrie,Revkah,sorGRv6J@FAw.pEaTf,0706756406,2023-01-02,04:30,prop-542928-2022
837,Hermione,Emmaline,XBamDZma@XH8.CVhAO,0834556326,2023-05-11,22:00,prop-004809-2022
838,Lisette,Alva,ttSOqAti@V8.xwi,0606647318,2023-05-11,01:00,prop-232374-2022
839,Florencia,Fosque,rsj6FGFL@I8.ilHhC,0818549204,2023-06-17,14:00,prop-078766-2022
840,Tamqrah,Dannye,ogAIJHBB@dW.rgExq,0727774409,2023-12-09,23:00,prop-031249-2022
841,Almeta,Philoo,CNruLsQp@Q3.ZqxJ,0727786136,2023-08-13,10:30,prop-399153-2022
842,Janey,Suanne,6Au6H8z0@btU.IwN,0704294417,2023-11-16,13:00,prop-858034-2022
843,Briney,Tengdin,uU7Tyx8p@jUX.IUL,0633248119,2023-03-09,22:00,prop-457174-2022
844,Arlina,Brady,v1owhd5A@eO.tCYIO,0856525027,2023-09-24,10:30,prop-996404-2022
845,Lulita,Vilma,LA1330UQ@qpk.zVeH,0834456338,2023-11-17,10:00,prop-111312-2022
846,Vere,Giule,3JVhlEhf@4f.lK,0806785239,2023-03-05,23:30,prop-822162-2022
847,Marcelline,Freddi,R5V0lRnh@OQ.SoOJj,0705246314,2023-11-22,04:30,prop-028680-2022
848,Chastity,Borrell,jfeYGdMs@C4.iecxq,0828677204,2023-01-10,20:00,prop-064280-2022
849,Alleen,Casimir,dYJGEblL@D4.SZ,0857448334,2023-07-08,04:00,prop-335714-2022
850,Justinn,Desai,IPqnxgXR@eX.FYeVA,0716457139,2023-02-24,21:30,prop-571934-2022
851,Nananne,Alarise,sxhQtPXA@Ha.TqSh,0737218039,2023-07-01,10:30,prop-032645-2022
852,Diena,Atonsah,puUEb6sx@HH.yIDNa,0803469134,2023-06-27,01:30,prop-746135-2022
853,Courtnay,Palocz,gQyIDn93@E0N.psq,0803288008,2023-09-21,22:00,prop-213847-2022
854,Celene,Santoro,IOq5seiX@ce.QbjU,0727306439,2023-03-27,03:00,prop-221379-2022
855,Jasmina,Ellord,R8xK9Qcc@TS.iW,0734695008,2023-01-12,01:30,prop-020222-2022
856,Cyb,Poppy,a68DjFOZ@aKm.DZrG,0637729126,2022-11-23,02:00,prop-471338-2022
857,Deloria,Jenness,vW2f1HYf@5n.XTQwD,0805757205,2023-02-21,23:00,prop-305861-2022
858,Madalyn,Thornburg,AMVs4G7P@OVc.Bk,0623674126,2023-03-27,21:30,prop-566008-2022
859,Katuscha,Duwalt,aneKbV8G@cW.Al,0655319234,2023-07-18,00:30,prop-354760-2022
860,Shell,Poll,R7ocfNKC@FO.vVXM,0624715439,2023-03-01,01:00,prop-328177-2022
861,Sharai,Quent,QrtL8ChG@3jF.TEqM,0624609314,2023-05-24,14:00,prop-597465-2022
862,Valera,Lewes,qR2crpSk@RP.HlQBu,0858734428,2023-06-03,10:00,prop-893915-2022
863,Flory,Reinke,A1yGG079@aW.SMfn,0853654127,2023-05-12,23:30,prop-562469-2022
864,Fawne,Etom,ZiQRK1s0@567.gAGS,0753366428,2023-01-31,14:00,prop-047254-2022
865,Jemie,McClimans,ol2hMokm@9I.cZ,0857376015,2023-04-03,23:30,prop-166750-2022
866,Nessie,Haymes,4p6bgDPS@2B.cqo,0808308418,2023-04-30,22:00,prop-855488-2022
867,Winifred,McGrody,3tXX3VKK@n4.oFxCr,0624617216,2023-01-05,21:30,prop-153021-2022
868,Almeta,Zina,oiF1UF5r@kz.vPy,0618428128,2023-02-11,24:00,prop-899455-2022
869,Joeann,Cleo,E1pMuRed@Oa.PQc,0727705334,2023-08-23,20:30,prop-709876-2022
870,Blondelle,Lacombe,qVJj8ONQ@QKU.fNlQ,0854539406,2023-07-23,02:30,prop-467095-2022
871,Almeta,Marcellus,9vnRSi7g@fSt.csUw,0657457138,2023-03-06,02:30,prop-021044-2022
872,Patricia,Aida,tIMTGEFQ@NV.lyNJ,0704789018,2023-01-02,22:00,prop-373191-2022
873,Glynnis,Atonsah,zHUVr7pB@J2S.vUAW,0736468429,2023-10-09,04:00,prop-381258-2022
874,Bill,Stilwell,KH5cGRzg@BI6.jWsnH,0825578105,2023-11-24,11:30,prop-911463-2022
875,Ronna,Tice,DbFGzsoZ@iac.sKrkI,0828389119,2023-10-30,12:00,prop-817855-2022
876,Sheree,Moseley,eGUZck75@Tv3.Ugj,0627249324,2023-10-05,10:30,prop-146720-2022
877,Michaelina,Arvo,7fmuhqln@6R.RvnbU,0804317209,2022-12-01,01:00,prop-964560-2022
878,Karena,Clara,lmLhaX65@jZ.MsUI,0657574316,2023-09-10,10:00,prop-289445-2022
879,Nickie,Linskey,X4KMuYnR@SyD.xPRI,0625278327,2023-08-18,11:30,prop-379579-2022
880,Margalo,Bashemeth,eWXJ5rT0@xTw.tBA,0838689007,2023-06-09,20:00,prop-645890-2022
881,Charissa,Kiyoshi,4TScmai2@o0.VF,0807537129,2023-02-22,01:30,prop-811489-2022
882,Betta,Claudine,FUsklMIP@zB.OJM,0658315235,2023-09-30,11:00,prop-071656-2022
883,Marsiella,Greyson,GHVAxk3m@cvi.VmUi,0813368218,2023-02-15,13:30,prop-876849-2022
884,Jorry,Randene,efm5VgE0@CJf.KASY,0727486135,2023-11-14,22:00,prop-677702-2022
885,Moyna,Sherfield,Rxyl1GIj@Hsl.DBL,0804305414,2023-11-07,00:30,prop-063692-2022
886,Philis,Remmer,D2mY3P6d@l1.Lw,0618315106,2023-01-30,01:00,prop-979049-2022
887,Yetty,Kress,nO2pynWv@yb.gm,0756284228,2022-12-30,03:30,prop-044846-2022
888,Desirae,Kesley,Mj7FMYCH@qrY.su,0618385028,2023-09-04,13:30,prop-145988-2022
889,Frank,Madaih,EVhN2pfU@qc.dHin,0603619035,2023-08-25,20:00,prop-780006-2022
890,Charissa,Sherfield,cj8lp6gh@ta4.jj,0718266015,2023-09-15,21:30,prop-808222-2022
891,Cordi,Esmaria,3FLQbvHw@6R.FeQzC,0856796235,2023-10-04,14:30,prop-304041-2022
892,Larine,Borrell,pxLWtjR9@5n.OPZ,0833608329,2023-06-22,11:00,prop-211166-2022
893,Norine,Eno,WOiGJY1U@irU.tVp,0727246409,2023-04-08,20:30,prop-883018-2022
894,Philis,Remmer,Fgj3UGav@7V.dA,0736364114,2023-06-01,04:30,prop-654992-2022
895,Miquela,Diogenes,dTjJMBgo@vl.cEehs,0714308425,2022-12-10,04:30,prop-419181-2022
896,Stacey,Trinetta,ZviHAXja@p5.lRIOH,0614337228,2023-09-21,01:30,prop-849729-2022
897,Rubie,Valerio,eoMgqIYy@8Rb.bC,0655575409,2023-04-14,10:00,prop-426841-2022
898,Grier,Thar,qQOKs81r@kxN.ytnS,0833417238,2023-08-16,13:30,prop-428847-2022
899,Cyb,Pernick,Gocq7QQq@wE.lVKc,0813759217,2022-11-18,11:00,prop-392158-2022
900,Hollie,Cecile,hS7jZZKy@5P.dD,0854557308,2023-12-21,04:00,prop-273676-2022
901,Laure,Grayce,RJT7e40j@vVu.bRz,0653657215,2023-06-23,02:00,prop-031866-2022
902,Marjie,Claudine,QcWNVJl3@Hn.Ef,0838228318,2022-12-28,02:00,prop-038542-2022
903,Jackie,Schenck,KfgGqkeP@vVX.PfIw,0704399424,2023-01-05,24:30,prop-552508-2022
904,Lexine,Gombach,BPoxEYf6@SZ.jsiq,0708634218,2023-09-01,12:00,prop-021705-2022
905,Yolane,Eliathas,9BaxPB4h@P8O.ziPlb,0718644036,2023-08-10,21:30,prop-640779-2022
906,Farrah,Karylin,cR42rXRl@NJ6.cqsHz,0716514117,2023-06-09,02:30,prop-945707-2022
907,Katleen,Eachern,64myH420@mF.xaY,0653636034,2023-03-04,10:30,prop-561149-2022
908,Suzette,Phyllis,SfuH9Sku@mjw.Ldjq,0838624007,2023-07-22,14:30,prop-007630-2022
909,Sonni,Poppy,8OWBmuXW@cIP.ygSI,0727649009,2023-02-26,10:30,prop-344370-2022
910,Paule,Ovid,fohvOQUI@kh.ALsI,0758787438,2023-10-08,11:00,prop-974970-2022
911,Olivette,Joni,kqJWmnfs@5GH.yzEa,0705216108,2023-08-12,00:00,prop-476594-2022
912,Gusella,LaRue,S7AlESr6@aNw.CQFkX,0813237108,2023-06-05,22:00,prop-000539-2022
913,Rosaline,Fancie,VSfKTl01@X7M.uIXs,0718334239,2023-10-06,10:30,prop-085001-2022
914,Tersina,Linehan,K80in2WE@zo.Mb,0718696314,2023-10-06,12:30,prop-766434-2022
915,Joeann,Corrine,PQvAZQ13@tk.PgSq,0635347307,2023-11-22,02:00,prop-494889-2022
916,Brynna,Olympium,AnOqcZe6@mC.hq,0834478008,2022-12-05,20:00,prop-250529-2022
917,Frank,Cloris,1dsCwdQS@dY.JAOP,0706797338,2023-03-14,04:30,prop-442833-2022
918,Joane,Couture,nF6g9ds8@olG.upu,0826288007,2023-07-23,13:00,prop-417599-2022
919,Leona,Sperling,wjupLUYJ@s5.zku,0856518014,2023-12-26,21:00,prop-923097-2022
920,Lonnie,Bennie,5S46LDww@M8u.YWqE,0704587005,2022-11-28,14:00,prop-513834-2022
921,Pierette,Celestine,x8ioqZnv@LCr.xzFE,0707794405,2023-02-11,03:00,prop-672633-2022
922,Libbie,Niccolo,1PkLFywd@AB.jQsx,0626365317,2023-06-09,21:00,prop-931128-2022
923,Alejandra,Zachary,0y9NNXwM@BW.CzK,0618625404,2023-11-30,00:30,prop-940073-2022
924,Darlleen,Sacken,zkJlZfQx@ir.Rz,0834726025,2023-10-21,13:00,prop-897484-2022
925,Lisette,Jethro,9tW2V7Zj@8iZ.prIJ,0804276236,2023-09-25,20:00,prop-936992-2022
926,Elvira,Rolf,1btx1PnI@CN.TuCTy,0655294004,2023-08-14,03:00,prop-473538-2022
927,Giustina,Pacorro,Wxoh0OW7@6kd.TBxbB,0733406415,2023-05-06,22:30,prop-250530-2022
928,Jaime,Shaver,FWpdYFaq@ca4.Xv,0833374318,2023-10-16,14:00,prop-388750-2022
929,Laure,Mitzi,Ldu0dYRe@dOL.WSnB,0716704014,2023-01-29,11:00,prop-973187-2022
930,Jenilee,Fulmer,QDNFSDGg@4Bb.qXD,0655237139,2023-11-14,04:30,prop-937649-2022
931,Augustine,Donell,b80HxCxD@t8N.usFxZ,0658725218,2023-10-23,01:00,prop-448521-2022
932,Libbie,Faust,EsupA1Qt@Sfx.BFEh,0655249025,2023-12-11,01:00,prop-352278-2022
933,Nickie,Ardra,UVpo8RxC@F4.Ld,0657447404,2022-12-24,10:00,prop-058544-2022
934,Consuela,Liebermann,lg0WXgqu@8og.jQVz,0713759335,2023-07-31,21:00,prop-713227-2022
935,Minda,Lay,Bkf74q9T@xrW.RqAF,0727725119,2023-02-11,03:00,prop-065375-2022
936,Minne,Dominy,hIXzewjb@j1A.kRqE,0725408116,2023-06-25,10:00,prop-690564-2022
937,Viki,Soneson,faDAXjBo@jU.huVzb,0658729438,2023-01-19,13:30,prop-752832-2022
938,Zia,Codding,DC6W1TtD@3ak.Besr,0838259027,2023-09-15,21:00,prop-999421-2022
939,Janis,Radu,Z9jOzuEb@o2.Cm,0838717136,2023-10-09,13:30,prop-859160-2022
940,Kaja,Berl,aeS8q9OO@Dp.FG,0717528334,2023-07-05,01:00,prop-167931-2022
941,Ninnetta,Arvo,xQvcj0M8@lW.tHzjo,0825295015,2023-08-31,20:30,prop-180574-2022
942,Delilah,Emmy,2kX1RWP8@pu.tTC,0824508218,2023-04-17,22:00,prop-738957-2022
943,Mureil,Jeanne,7BfBrx6M@xA.RmKd,0754385234,2023-05-10,12:30,prop-594351-2022
944,Darlleen,Claudine,riRLbAiz@rYZ.GeU,0623454235,2023-04-27,00:00,prop-135003-2022
945,Trixi,Friede,SNN4LlUv@rNt.Oh,0833745438,2023-01-27,23:00,prop-783917-2022
946,Luci,Aprile,WpDHPu60@vi.pbA,0725346426,2023-02-13,02:30,prop-698390-2022
947,Fred,Garek,kH3F2Ooq@F8f.ARyAQ,0624499416,2023-06-18,14:30,prop-471226-2022
948,Ermengarde,Rosette,biid7wrs@Tf.VenHJ,0838458116,2023-07-04,00:30,prop-164690-2022
949,Anthia,Rad,JMVbNnSA@VFe.kHt,0603354038,2023-02-21,20:00,prop-708298-2022
950,Merrie,Ledah,WwckgMIU@9QW.shlxH,0816758238,2023-10-20,01:00,prop-728297-2022
951,Fidelia,Felecia,igYzYh4v@4w.FXHk,0605409216,2023-03-04,03:00,prop-050670-2022
952,Averyl,Baudin,FKwbRkKW@CkI.OEI,0703458215,2022-11-12,24:30,prop-057549-2022
953,Catrina,Concha,a8X3Cytd@uA.rEo,0724456408,2022-11-18,22:00,prop-864683-2022
954,Shaine,Khorma,jUs00tiN@0dY.kNqmJ,0655784419,2023-07-31,11:00,prop-106821-2022
955,Demetris,Slifka,XfhKFJAQ@35k.aRMG,0655614335,2023-06-30,11:00,prop-234393-2022
956,Kial,Gert,QWzsv7ns@Rv.Nbxgg,0756626218,2023-08-26,02:30,prop-488295-2022
957,Brandise,Pitt,JJp73j8B@70b.wflg,0616488418,2023-01-11,12:00,prop-625017-2022
958,Helsa,Land,rD2nol6E@qa.Xl,0754799036,2023-04-28,14:30,prop-641894-2022
959,Blondelle,Richers,S0xxnpOZ@saZ.aHTg,0838344308,2023-02-17,11:00,prop-621264-2022
960,Hettie,Belanger,Ab0qW5qB@h5S.Tbe,0637378135,2023-12-06,23:30,prop-970394-2022
961,Mathilda,O'Rourke,qbUGUmbL@yH.gRl,0836426018,2022-12-25,11:00,prop-431135-2022
962,Aryn,Magnolia,tny7e0cm@0B.QCGhY,0624397124,2023-12-03,24:00,prop-127924-2022
963,Lulita,Susannah,yGWQl20e@HLs.oxs,0807466325,2023-09-30,20:30,prop-710392-2022
964,Catrina,Ball,zmW7tapy@rPi.SPCY,0636657107,2023-04-11,02:30,prop-369141-2022
965,Lesly,Wiener,9CFpbkDJ@Emv.wpalO,0657274309,2023-08-20,00:30,prop-940606-2022
966,Marline,Atonsah,O4Oe4pe5@KK8.jm,0754286114,2022-12-09,03:00,prop-802904-2022
967,Heida,Heidt,ji8QYiMh@8nT.hO,0654426025,2023-04-10,10:00,prop-885463-2022
968,Nicoli,Edee,8Hf2CyFW@JQ.dZFll,0803337237,2023-04-19,14:00,prop-058136-2022
969,Farrah,Ivens,UHijFQ03@Q21.nRj,0735527424,2023-12-17,20:00,prop-165939-2022
970,Kara-Lynn,Rubie,rKrkiEvZ@0U.sE,0817786218,2022-11-11,22:00,prop-648830-2022
971,Amara,Urania,GYI8fqBI@mG.fII,0806344228,2023-03-04,12:00,prop-698728-2022
972,Kristan,Rolf,cDvHNBjP@3xO.SGupn,0723644408,2023-05-03,14:00,prop-581488-2022
973,Ana,Publia,y1NVYPik@ND.GEd,0605488219,2023-04-22,20:00,prop-681365-2022
974,Rozele,Jehu,2k2Abuzu@nBb.bJT,0616288306,2023-07-07,12:00,prop-094818-2022
975,Aurelie,Noelyn,jaVullCr@9O2.dah,0833247137,2023-11-15,22:30,prop-698984-2022
976,Carlie,Lunsford,4tvJDETD@SV.nYQxt,0655535134,2023-09-19,02:00,prop-469144-2022
977,Lolita,O'Rourke,ecysbPzV@MI.DcVe,0807527307,2023-07-15,11:30,prop-066770-2022
978,Briney,Nore,Hf4gITkT@N7F.otKbR,0753685104,2023-01-12,03:00,prop-472881-2022
979,Darci,Sothena,XEA4W14m@zF.wal,0757678127,2023-08-25,01:30,prop-629366-2022
980,Wanda,Wittie,SE5xVSMR@4N.fwer,0736688419,2023-03-26,20:30,prop-266987-2022
981,Devina,Cosenza,0Xrj3r7d@YD.vQB,0735755426,2023-05-27,02:30,prop-381283-2022
982,Randa,Kellby,qSL5UyT4@sUT.Rr,0707487337,2023-08-22,14:30,prop-692688-2022
983,Queenie,Justinn,UjJlBcZ3@VUq.UowJF,0734766416,2023-08-22,04:30,prop-388904-2022
984,Andree,Cohdwell,EPSo1SpH@lF.PzNGW,0636278305,2022-12-21,04:00,prop-444727-2022
985,Hollie,Hurley,fncnR22T@8Cx.Avr,0737245306,2022-12-26,14:00,prop-564988-2022
986,Angelique,Harriman,1v2dgBLP@AIs.pt,0718337015,2023-03-29,03:30,prop-489051-2022
987,Alameda,Noam,d84dtvC2@JyY.FzA,0734219025,2023-07-16,01:30,prop-726492-2022
988,Tiffie,Berriman,r9X6BEM1@6f.YtZR,0716364134,2023-05-24,11:30,prop-751085-2022
989,Marjie,Bethany,xewAzrJl@Sn.vYOJ,0757446318,2023-07-23,12:00,prop-382496-2022
990,Roslyn,Daveta,3SCLtgND@qJz.IsyGr,0735257135,2023-09-07,12:30,prop-194531-2022
991,Sindee,Wareing,qcgdXMGn@fwV.Ne,0838259337,2023-12-13,01:00,prop-549241-2022
992,Frieda,Harned,oIFtaGxo@1ow.MMpct,0705306429,2023-12-22,00:00,prop-588264-2022
993,Sibella,Othilia,pw7bwDsO@ab.pACwv,0627299127,2023-03-01,03:00,prop-761750-2022
994,Elie,Justinn,qflNcBe4@hs.uLQtY,0804429024,2023-12-07,24:30,prop-929731-2022
995,Gretal,Cleavland,PJxHe2Cx@YU.fqe,0603567315,2023-06-14,10:30,prop-285132-2022
996,Sean,Pip,dqDsmjC5@4A1.nONX,0658374108,2023-10-11,04:00,prop-049571-2022
997,Codie,Baptlsta,3VqIYKKC@Sa.MBw,0636755218,2023-02-22,04:00,prop-525688-2022
998,Fanny,Evvie,JObyVO3a@I8o.dZKr,0817638009,2023-11-01,10:30,prop-058183-2022
999,Tiffie,Brian,NQbMGYne@wZ.aEh,0826434025,2022-12-01,12:00,prop-291921-2022
1000,Justinn,Leffen,TmJSWCLC@xBf.PZ,0653669016,2023-05-02,20:00,prop-097156-2022
1001,Marnia,Bonucci,sg5AwED1@mMY.Nh,0654769215,2022-12-03,22:30,prop-970098-2022
1002,Mathilda,Hebner,lGRguqNg@HpC.SrDK,0804478225,2023-11-06,10:30,prop-107624-2022
1003,Jennica,Ambrosia,7px0oMtO@hU.HP,0713405036,2023-02-19,01:00,prop-839055-2022
1004,Catharine,Bartlett,ODoE622K@xKz.kOKLG,0835309237,2023-08-20,10:00,prop-010513-2022
1005,Harrietta,Goth,MRkpyUWQ@RVX.JUk,0825294439,2023-01-31,20:30,prop-436711-2022
1006,Ardeen,Yerkovich,90YPbQaO@hB.jyXvM,0723718128,2023-05-23,01:30,prop-576335-2022
1007,Ermengarde,Vharat,XcDobcuM@jid.hEQ,0854259034,2023-09-30,22:00,prop-593762-2022
1008,Keelia,Lemuela,h1oIq6PX@VjN.PuXp,0714747217,2023-01-24,01:30,prop-434903-2022
1009,Tracey,Cutlerr,EvfXPvJV@eOm.aQ,0738386224,2023-04-06,02:30,prop-122090-2022
1010,Angela,Sikorski,D5bzgTzC@NV.ZYksK,0803615007,2023-10-05,03:00,prop-140428-2022
1011,Fanny,Vilma,eBw10I4w@Z6G.UCE,0608754227,2023-01-09,24:00,prop-566744-2022
1012,Lolita,Tice,YchzekI2@eY.Bc,0805448235,2023-03-08,14:30,prop-678956-2022
1013,Ermengarde,Myrilla,9lARRd7B@dJT.On,0623328135,2023-11-08,11:30,prop-880698-2022
1014,Ann-Marie,Muriel,9hYPYGHL@uN.qFAHG,0833334205,2023-06-22,02:00,prop-966221-2022
1015,Angelique,Giule,ARB0yz0O@FxT.srvs,0726229424,2023-01-16,14:00,prop-192261-2022
1016,Lilith,Dimitris,EIVe4NTo@RtW.cOeNU,0728638418,2023-02-28,00:00,prop-332329-2022
1017,Cecile,Halsey,fPeSO23H@qq7.hnzA,0827254124,2023-10-22,01:00,prop-892351-2022
1018,Kial,Pozzy,Vr6kkZfE@YKq.RA,0754344236,2023-12-20,20:00,prop-628404-2022
1019,Anestassia,Hedve,vJ3aX0x4@UE.CLhHb,0654526226,2023-07-14,01:30,prop-425220-2022
1020,Annaliese,Plato,4cs5xz2o@Sk.qE,0805644217,2023-08-13,11:30,prop-763767-2022
1021,Susette,Orlene,E8U844uk@VX0.njph,0814455336,2023-11-07,14:30,prop-959778-2022
1022,Madeleine,Maurine,7IVvTPKQ@cLQ.myi,0615349109,2022-11-15,23:30,prop-815818-2022
1023,Vere,Peti,upeeMjXY@RK.Zcr,0836368006,2022-11-28,02:00,prop-565672-2022
1024,Marsiella,Hamil,MD9EffBd@iI3.cWvjc,0824674427,2023-09-23,23:30,prop-586141-2022
1025,June,Sisile,XZLjQhb1@F6.Emx,0718628134,2023-11-14,14:30,prop-490403-2022
1026,Mariele,Holbrook,Gcp943C8@py.qrJSi,0837367215,2022-11-19,12:30,prop-366080-2022
1027,Kylynn,Marlie,ios8G0BE@9rb.hGD,0824737319,2023-01-16,04:00,prop-128273-2022
1028,Joelly,Norvol,jJZHWQzM@lF.xQKWf,0708774126,2023-08-07,01:30,prop-188289-2022
1029,Daryl,Rosemary,mYUadbTO@cbz.Et,0718344309,2023-01-29,01:30,prop-389870-2022
1030,Oona,Nikaniki,gGgQtjGb@QbB.STS,0713708035,2023-03-02,14:30,prop-962427-2022
1031,Trixi,Maribeth,2pGU88uc@t7.rns,0808499017,2023-03-03,00:30,prop-313177-2022
1032,Elmira,Loring,THnTiksh@6S.eXgda,0858568118,2023-08-25,20:30,prop-698815-2022
1033,Ulrike,Chobot,xiajSTH5@Zeq.mlhGK,0603728137,2023-11-09,10:00,prop-094430-2022
1034,Cecile,Ardeha,83gyYvmk@UR.iSOb,0617459037,2023-05-13,11:30,prop-271676-2022
1035,Cathie,Holtz,eaqzPibf@CYb.CjBZ,0814576415,2023-09-12,11:00,prop-531485-2022
1036,Ashlee,Meter,pimmxLX9@hS.POtTL,0707416308,2023-10-07,22:00,prop-308570-2022
1037,Vita,Pernick,RimCGn3t@6a.LTW,0805799337,2023-08-13,00:00,prop-031105-2022
1038,Lizzie,Tryck,MTQCgt8c@iqT.JTv,0857437237,2023-05-30,04:30,prop-024245-2022
1039,Chastity,Audly,imJmd3mV@e7w.vttbU,0605399336,2023-08-03,21:00,prop-444931-2022
1040,Sidoney,Argus,ZVsuqrTx@Jes.OqEJ,0807637218,2023-07-12,20:30,prop-388993-2022
1041,Madelle,Lamoree,MYiEbvaJ@YF6.vtML,0653577417,2023-07-08,22:30,prop-644135-2022
1042,Constance,Gaal,fovryqqw@scR.aH,0658404409,2023-01-25,23:00,prop-648123-2022
1043,Jacenta,Gower,1AqcQIHf@CcI.XZZ,0753486138,2023-09-23,11:30,prop-841603-2022
1044,Roxane,Haldas,V3mugtak@Vhi.Gj,0753766306,2023-05-08,22:30,prop-820219-2022
1045,Brena,Aloise,lxaunLau@3lz.HP,0756795129,2023-02-08,22:00,prop-471574-2022
1046,Claudina,Solitta,HOHmYDWU@sy3.Vak,0833794329,2023-08-29,10:30,prop-147694-2022
1047,Ana,Giff,CUyogTwq@67.Uvw,0614559425,2023-07-13,04:30,prop-428210-2022
1048,Isa,Lia,OGZJLU6q@PC.IiEA,0654596418,2023-07-26,01:00,prop-789714-2022
1049,Josephine,Decato,4uWFPjW0@BF.CbLfx,0707775129,2022-11-20,14:00,prop-637692-2022
1050,Kathi,Seessel,trTCkt6O@Zf.kiS,0616644107,2023-11-29,21:00,prop-491870-2022
1051,Renae,Roarke,U8G7eevL@9Le.RcLMw,0807629204,2023-03-03,20:30,prop-114910-2022
1052,Loree,Lumbard,CxQ45A7J@Cmu.glr,0816726435,2023-07-31,13:00,prop-099241-2022
1053,Roberta,Manolo,4C1O9Xij@NXL.HX,0628767127,2022-12-12,00:30,prop-306110-2022
1054,Asia,Danby,FvqzrU8j@HpP.nj,0836595405,2023-05-27,11:30,prop-794946-2022
1055,Codie,Fiann,2m9r84PT@la.FRhy,0726344337,2023-11-13,02:00,prop-530478-2022
1056,Atlanta,Middleton,hnSu6qGg@ZWw.WKYPj,0758267324,2023-08-25,24:30,prop-524472-2022
1057,Mara,Leopold,hFpwGMGw@yJ.CM,0708708138,2023-12-25,13:00,prop-950408-2022
1058,Zia,Love,ithbn8Ai@Ul.ZFXgk,0704795406,2022-12-17,13:00,prop-330451-2022
1059,Georgetta,Barbey,HMrviAN6@Ti.iF,0608727109,2023-06-04,12:00,prop-948038-2022
1060,Mahalia,Astra,U9MaP5i6@Vpy.PYc,0604709316,2023-02-08,14:00,prop-307854-2022
1061,Heddie,Vary,giH0SrsA@y63.eq,0654649025,2023-04-14,24:00,prop-199173-2022
1062,Lauryn,Phaidra,6bDgwcZB@KdY.Zfdi,0618705206,2023-09-29,22:00,prop-276906-2022
1063,June,Anderea,md3BY3Bs@oN.Ymgte,0834418037,2023-07-10,00:00,prop-588371-2022
1064,Amalie,Trace,5EwzXJBR@Xj.hL,0756228424,2023-05-20,10:00,prop-795330-2022
1065,Krystle,Rooney,DpcFDRfB@mEo.kcNfu,0814578009,2023-03-23,11:00,prop-098088-2022
1066,Bernardine,Suk,VM2e351y@VT.EZGPv,0825476029,2023-06-10,20:30,prop-219740-2022
1067,Donnie,Juan,OybKcr4K@KKs.RM,0716714228,2023-05-29,13:30,prop-213964-2022
1068,Ira,Jacinda,v1jVjKaR@eG.NuYNh,0817785126,2023-04-30,04:00,prop-090906-2022
1069,Amalie,Valoniah,Fk0TAEDY@i8.jpT,0635427324,2023-04-16,24:30,prop-005539-2022
1070,Yolane,Crudden,7wqoYkA4@Bo.wltC,0613308416,2023-10-28,02:30,prop-560509-2022
1071,Krystle,Gilmour,ZD6akgkC@n3.Eeuyn,0733559406,2023-04-10,23:30,prop-521246-2022
1072,Romona,Lamoree,2dnuFUWm@yUx.rEFS,0633487104,2022-12-22,12:30,prop-382027-2022
1073,Magdalena,O'Carroll,rbPZvM93@8Lb.aVWOe,0736458034,2022-11-21,01:00,prop-073879-2022
1074,Codie,Anastatius,YcH9Mx4N@CBc.hvkb,0628659116,2023-01-06,24:30,prop-722360-2022
1075,Daryl,Jary,bZidm9GG@DD1.VyoAf,0705338304,2023-09-12,20:00,prop-016727-2022
1076,Linzy,Frendel,EMdKbzgV@xbz.Kj,0754785217,2023-02-03,10:00,prop-156073-2022
1077,Millie,Junie,oUuW3VPv@bw.JM,0623664326,2023-06-17,03:30,prop-541247-2022
1078,Christal,Yate,lEmXMcdf@iMs.uvHpI,0707686025,2022-11-13,00:30,prop-862212-2022
1079,Carolina,Zrike,AbMQe3UE@5pI.shYCb,0634524309,2023-11-11,22:00,prop-797769-2022
1080,Nerta,Morgun,zPLrHrhp@U42.pV,0704626025,2023-06-04,01:30,prop-736318-2022
1081,Gretal,Aida,SPVjXI3V@k0d.TWj,0715487415,2023-04-10,23:00,prop-798463-2022
1082,Linet,Narton,bWfxQtiP@Ax0.lAY,0654355435,2023-11-25,10:00,prop-068881-2022
1083,Arlina,Sundin,EdrCWg3F@MIT.CZ,0854784018,2023-01-06,10:30,prop-870094-2022
1084,Ricky,Jaylene,GwRZZ5rm@XuX.Tybcq,0807634306,2023-07-03,20:30,prop-973359-2022
1085,Marleah,Orlene,jmKK7grp@uN.yd,0733309238,2023-10-19,00:00,prop-147678-2022
1086,Dari,Claudine,dVIhT5Hf@Ll.icA,0858307418,2023-08-31,13:00,prop-793351-2022
1087,Coral,Silvan,rttrmZwU@Rb.ZwLNK,0704258014,2023-04-28,24:30,prop-533439-2022
1088,Yvonne,Rodmann,aj6MVZyr@fw.YNPpG,0734667125,2023-02-15,23:30,prop-777349-2022
1089,Hollie,Fairweather,ZaoDIxF3@ysk.PoWgz,0606548037,2023-07-13,21:30,prop-455772-2022
1090,Fawne,Sothena,CigJwFaf@rA.oW,0607547337,2023-08-28,00:00,prop-287731-2022
1091,Amara,Korey,Hw1j2sav@Dz.sv,0634268116,2023-03-06,14:30,prop-906764-2022
1092,Betta,Sabella,nKt6O83V@fd.yuumL,0713677139,2023-04-17,01:30,prop-527521-2022
1093,Teddie,Hessler,Uk3kzd72@bJ.rTYGq,0858567206,2023-05-30,24:30,prop-851146-2022
1094,Ebonee,Seessel,4zQQ5g0P@SK.OwN,0753579238,2023-02-02,11:30,prop-255849-2022
1095,Candi,Connelly,CuZw3AHs@0T9.IXVzX,0806585205,2022-12-15,04:30,prop-307146-2022
1096,Halette,Abram,FUV9Wgqn@K9.AKEX,0806606006,2023-10-22,01:00,prop-872933-2022
1097,Dacia,Fulmer,XSWfVdfB@Tgd.fvh,0634296035,2023-05-05,03:30,prop-558895-2022
1098,Fernande,Pearse,8OTl5D4Y@mQ.xEyZj,0826345018,2023-02-23,00:30,prop-660861-2022
1099,Aubrie,Gower,49VndpEL@b3.PVc,0614504229,2023-09-04,23:00,prop-613819-2022